Company Name (Infomerics),Company Name (d365),Sector,Match Score,Match Quality,Infomerics Rating,Infomerics Last Date,Infomerics Instrument,d365 Agency,d365 Rating,d365 Last Date,Urgency,Why Target,ACER Pitch,Classification Method,Classification Rationale
4S Spintex India Private Limited,4S Spintex India Pvt. Ltd.,Textiles,82.75862068965517,MEDIUM,IVR B- (INC)(Reaffirmed),2025-05-23,Long Term Bank Facilities,"CARE, IND-RA",B-,2025-07-05,ULTRA HIGH,"INC at BOTH Infomerics AND another agency — maximally dissatisfied, actively needs new rater","This company has stopped cooperating with multiple raters. ACER offers a clean slate — faster turnaround, dedicated analyst, no baggage from prior agency relationship.",Manual — company name analysis,Spintex = spinning/textile manufacturing
Adwalpalkar Construction and Resort Private Limited,Adwalpalkar Constructions & Resorts Pvt. Ltd.,Construction,81.25,MEDIUM,IVR BB- (INC)(Downgraded),2025-04-15,Long Term Bank Facilities,ACUITE,A 4,,ULTRA HIGH,"INC at BOTH Infomerics AND another agency — maximally dissatisfied, actively needs new rater","This company has stopped cooperating with multiple raters. ACER offers a clean slate — faster turnaround, dedicated analyst, no baggage from prior agency relationship.",Session 4 — keyword matching,Sector keyword found in company name
Agrawal Global Infratech Private Limited,Agrawal Global Infratech Pvt. Ltd.,Infrastructure,86.48648648648648,MEDIUM,IVR BB+ (INC)(Reaffirmed and Withdrawn),2022-04-18,Long Term Bank Facilities,"ACUITE, CRISIL",A 4+,,ULTRA HIGH,"INC at BOTH Infomerics AND another agency — maximally dissatisfied, actively needs new rater","This company has stopped cooperating with multiple raters. ACER offers a clean slate — faster turnaround, dedicated analyst, no baggage from prior agency relationship.",Session 4 — keyword matching,Sector keyword found in company name
Ajanta Spintex Private Limited,Ajanta Spintex Pvt. Ltd.,Textiles,81.4814814814815,MEDIUM,IVR B (INC)(Reaffirmed and Withdrawn),2022-12-20,Long Term Bank Facilities,"ACUITE, CARE, CRISIL",B,2026-12-01,ULTRA HIGH,"INC at BOTH Infomerics AND another agency — maximally dissatisfied, actively needs new rater","This company has stopped cooperating with multiple raters. ACER offers a clean slate — faster turnaround, dedicated analyst, no baggage from prior agency relationship.",Manual — company name analysis,Spintex = spinning/textile manufacturing
Alok Buildtech Private Limited,Alok Buildtech Pvt. Ltd.,Construction,81.4814814814815,MEDIUM,IVR B+ (INC)(Downgraded),2025-05-06,Long Term Bank Facilities,"ACUITE, CRISIL",A 4,2026-06-01,ULTRA HIGH,"INC at BOTH Infomerics AND another agency — maximally dissatisfied, actively needs new rater","This company has stopped cooperating with multiple raters. ACER offers a clean slate — faster turnaround, dedicated analyst, no baggage from prior agency relationship.",Manual — company name analysis,Buildtech = building/construction
Amarpali Cylinders Private Limited,Amarpali Cylinders Pvt. Ltd.,Manufacturing – Industrial,83.87096774193549,MEDIUM,IVR B- (INC)(Downgraded),2025-10-22,Long Term Bank Facilities,"CARE, CRISIL",A 4,2026-12-01,ULTRA HIGH,"INC at BOTH Infomerics AND another agency — maximally dissatisfied, actively needs new rater","This company has stopped cooperating with multiple raters. ACER offers a clean slate — faster turnaround, dedicated analyst, no baggage from prior agency relationship.",Manual — company name analysis,Cylinders = gas cylinders / industrial equipment
Anadrone Systems Private Limited,Anadrone Systems Pvt. Ltd.,Technology / Electronics,82.75862068965517,MEDIUM,IVR BB+ (INC)(Downgraded),2025-03-19,Long Term Bank Facilities,IND-RA,B-/A4,2025-11-09,ULTRA HIGH,"INC at BOTH Infomerics AND another agency — maximally dissatisfied, actively needs new rater","This company has stopped cooperating with multiple raters. ACER offers a clean slate — faster turnaround, dedicated analyst, no baggage from prior agency relationship.",Manual — company name analysis,Drone systems = aerospace electronics
Anil Trading India Private Limited,Anil Trading India Pvt. Ltd.,Trading,83.87096774193549,MEDIUM,IVR B+ (INC) (Downgraded),2026-01-21,Long Term Bank Facilities,BRICKWORK,A 4,2025-11-11,ULTRA HIGH,"INC at BOTH Infomerics AND another agency — maximally dissatisfied, actively needs new rater","This company has stopped cooperating with multiple raters. ACER offers a clean slate — faster turnaround, dedicated analyst, no baggage from prior agency relationship.",Session 4 — keyword matching,Sector keyword found in company name
Arya Steels Rolling (India) Private Limited,Arya Steels Rolling (India) Pvt. Ltd.,Steel & Metals,87.5,MEDIUM,IVR BB+ (INC)(Downgraded),2025-11-10,Long Term Bank Facilities,"BRICKWORK, CARE, CRISIL",A 4,2026-10-04,ULTRA HIGH,"INC at BOTH Infomerics AND another agency — maximally dissatisfied, actively needs new rater","This company has stopped cooperating with multiple raters. ACER offers a clean slate — faster turnaround, dedicated analyst, no baggage from prior agency relationship.",Session 4 — keyword matching,Sector keyword found in company name
Astron Paper & Board Mill Limited,Astron Paper & Board Mill Ltd.,Manufacturing – Paper,92.06349206349206,HIGH,IVR D (INC) (Reaffirmed),2026-01-14,Long Term Facilities,CARE,D,,ULTRA HIGH,"INC at BOTH Infomerics AND another agency — maximally dissatisfied, actively needs new rater","This company has stopped cooperating with multiple raters. ACER offers a clean slate — faster turnaround, dedicated analyst, no baggage from prior agency relationship.",Manual — company name analysis,Paper & Board Mill = paper manufacturing
Auro Impex & Chemicals Limited,Auro Impex & Chemicals Ltd.,Chemicals,91.2280701754386,HIGH,IVR BB- (INC)(Downgraded),2025-06-12,Long Term Bank Facilities,CARE,A 4,,ULTRA HIGH,"INC at BOTH Infomerics AND another agency — maximally dissatisfied, actively needs new rater","This company has stopped cooperating with multiple raters. ACER offers a clean slate — faster turnaround, dedicated analyst, no baggage from prior agency relationship.",Session 4 — keyword matching,Sector keyword found in company name
Aventura Components Private Limited,Aventura Components Pvt. Ltd.,Manufacturing – Auto/Industrial,84.375,MEDIUM,IVR D (INC)(Reaffirmed),2025-10-23,Long Term Bank Facilities,BRICKWORK,D,2025-07-08,ULTRA HIGH,"INC at BOTH Infomerics AND another agency — maximally dissatisfied, actively needs new rater","This company has stopped cooperating with multiple raters. ACER offers a clean slate — faster turnaround, dedicated analyst, no baggage from prior agency relationship.",Manual — company name analysis,Components = auto or industrial parts
Balaji Dayalpura Infra Private Limited,Balaji Dayalpura Infra Pvt. Ltd.,Infrastructure,85.71428571428572,MEDIUM,IVR BB+ (INC)(Downgraded),2025-01-06,Long Term Bank Facilities,CRISIL,A 4,,ULTRA HIGH,"INC at BOTH Infomerics AND another agency — maximally dissatisfied, actively needs new rater","This company has stopped cooperating with multiple raters. ACER offers a clean slate — faster turnaround, dedicated analyst, no baggage from prior agency relationship.",Session 4 — keyword matching,Sector keyword found in company name
Bemco Sleepers Limited,Bemco Sleepers Ltd.,Manufacturing – Infrastructure,87.8048780487805,MEDIUM,IVR C+ (INC)(Downgraded),2025-03-31,Long Term Bank Facility,"BRICKWORK, IND-RA",A 4,,ULTRA HIGH,"INC at BOTH Infomerics AND another agency — maximally dissatisfied, actively needs new rater","This company has stopped cooperating with multiple raters. ACER offers a clean slate — faster turnaround, dedicated analyst, no baggage from prior agency relationship.",Manual — company name analysis,Sleepers = railway concrete sleepers
Bharath Hi-Tecch Builders Private Limited,Bharath Hi-Tech Builders Pvt. Ltd.,Construction,85.33333333333333,MEDIUM,IVR BB- (INC)(Downgraded),2025-11-14,Long Term Bank Facilities,CRISIL,B,2025-12-09,ULTRA HIGH,"INC at BOTH Infomerics AND another agency — maximally dissatisfied, actively needs new rater","This company has stopped cooperating with multiple raters. ACER offers a clean slate — faster turnaround, dedicated analyst, no baggage from prior agency relationship.",Session 4 — keyword matching,Sector keyword found in company name
Bhavani Shipping Services (India) Private Limited,Bhavani Shipping Services (India) Pvt. Ltd.,Logistics,89.13043478260869,MEDIUM,IVR B (INC) (Downgraded),2026-02-03,Long Term Bank Facility,CRISIL,B,,ULTRA HIGH,"INC at BOTH Infomerics AND another agency — maximally dissatisfied, actively needs new rater","This company has stopped cooperating with multiple raters. ACER offers a clean slate — faster turnaround, dedicated analyst, no baggage from prior agency relationship.",Session 4 — keyword matching,Sector keyword found in company name
Celebrity Breweries Private Limited,Celebrity Breweries Pvt. Ltd.,Agro/Food,84.375,MEDIUM,IVR BB- (INC)(Downgraded),2025-07-29,Long Term Bank Facilities,CRISIL,B,2026-12-01,ULTRA HIGH,"INC at BOTH Infomerics AND another agency — maximally dissatisfied, actively needs new rater","This company has stopped cooperating with multiple raters. ACER offers a clean slate — faster turnaround, dedicated analyst, no baggage from prior agency relationship.",Manual — company name analysis,Breweries = food & beverage / alcohol
Cerebra Integrated Technologies Limited,Cerebra Integrated Technologies Ltd.,Technology / IT,93.33333333333331,HIGH,IVR D (INC)(Reaffirmed),2026-01-23,Long Term Bank Facilities,CRISIL,D,,ULTRA HIGH,"INC at BOTH Infomerics AND another agency — maximally dissatisfied, actively needs new rater","This company has stopped cooperating with multiple raters. ACER offers a clean slate — faster turnaround, dedicated analyst, no baggage from prior agency relationship.",Manual — company name analysis,Integrated Technologies = IT/tech company
Chintpurni Steel Private Limited,Chintpurni Steels Pvt. Ltd.,Steel & Metals,81.35593220338984,MEDIUM,IVR BB (INC)(Downgraded),2025-10-17,Long Term Bank Facilities,"BRICKWORK, CARE",B-/A4,2025-05-12,ULTRA HIGH,"INC at BOTH Infomerics AND another agency — maximally dissatisfied, actively needs new rater","This company has stopped cooperating with multiple raters. ACER offers a clean slate — faster turnaround, dedicated analyst, no baggage from prior agency relationship.",Session 4 — keyword matching,Sector keyword found in company name
Chrysalis Trading Private Limited,Chrysalis Trading Pvt. Ltd.,Trading,83.33333333333334,MEDIUM,IVR D (INC),2025-12-12,Long Term Facility - Fund Based - Cash Credit,BRICKWORK,D,,ULTRA HIGH,"INC at BOTH Infomerics AND another agency — maximally dissatisfied, actively needs new rater","This company has stopped cooperating with multiple raters. ACER offers a clean slate — faster turnaround, dedicated analyst, no baggage from prior agency relationship.",Session 4 — keyword matching,Sector keyword found in company name
Clean Coal Enterprises Private Limited,Clean Coal Enterprises Pvt. Ltd.,Mining / Energy,85.71428571428572,MEDIUM,IVR BB- (INC)(Reaffirmed & Withdrawn),2023-05-02,Long Term Bank Facilities,"ACUITE, IND-RA",A 4+,2026-06-03,ULTRA HIGH,"INC at BOTH Infomerics AND another agency — maximally dissatisfied, actively needs new rater","This company has stopped cooperating with multiple raters. ACER offers a clean slate — faster turnaround, dedicated analyst, no baggage from prior agency relationship.",Manual — company name analysis,Coal = mining/energy sector
Compuage Infocom Limited,Compuage Infocom Ltd.,Technology / IT,88.88888888888889,MEDIUM,IVR D (INC) (Reaffirmed),2025-10-27,Long Term Bank Facilities,CARE,D,2025-03-11,ULTRA HIGH,"INC at BOTH Infomerics AND another agency — maximally dissatisfied, actively needs new rater","This company has stopped cooperating with multiple raters. ACER offers a clean slate — faster turnaround, dedicated analyst, no baggage from prior agency relationship.",Manual — company name analysis,Infocom = IT distribution / technology
Cruso Granito Private Limited,Cruso Granito Pvt. Ltd.,Manufacturing – Tiles/Stone,80.76923076923077,MEDIUM,IVR C+ (INC) (Downgraded),2026-01-29,Long Term Bank Facilities,CARE,A 4,,ULTRA HIGH,"INC at BOTH Infomerics AND another agency — maximally dissatisfied, actively needs new rater","This company has stopped cooperating with multiple raters. ACER offers a clean slate — faster turnaround, dedicated analyst, no baggage from prior agency relationship.",Manual — company name analysis,Granito = granite/tile manufacturing
Data Ingenious Global Limited,Data Ingenious Global Ltd.,Technology / IT,90.9090909090909,HIGH,IVR B+ (INC)(Downgraded),2026-02-10,Long Term Bank Facilities,ACUITE,A 4+,,ULTRA HIGH,"INC at BOTH Infomerics AND another agency — maximally dissatisfied, actively needs new rater","This company has stopped cooperating with multiple raters. ACER offers a clean slate — faster turnaround, dedicated analyst, no baggage from prior agency relationship.",Manual — company name analysis,Data technology = IT/analytics
Davinder Sandhu Impex Private Limited,Davinder Sandhu Impex Pvt. Ltd.,Trading / Import-Export,85.29411764705883,MEDIUM,IVR BB (INC)(Downgraded),2025-05-22,Long Term Bank Facilities,CARE,BB-,,ULTRA HIGH,"INC at BOTH Infomerics AND another agency — maximally dissatisfied, actively needs new rater","This company has stopped cooperating with multiple raters. ACER offers a clean slate — faster turnaround, dedicated analyst, no baggage from prior agency relationship.",Manual — company name analysis,Impex = import-export trading
Deccan Ferro Alloys Private Limited,Deccan Ferro Alloys Pvt. Ltd.,Steel & Metals,84.375,MEDIUM,IVR BB+ (INC)(Reaffirmed and Withdrawn),2022-01-08,Long Term Fund Based Facility,ACUITE,A 4+,2025-06-06,ULTRA HIGH,"INC at BOTH Infomerics AND another agency — maximally dissatisfied, actively needs new rater","This company has stopped cooperating with multiple raters. ACER offers a clean slate — faster turnaround, dedicated analyst, no baggage from prior agency relationship.",Session 4 — keyword matching,Sector keyword found in company name
Eagle Steels Rolling Mills Private Limited,Eagle Steels Rolling Mills Pvt. Ltd.,Steel & Metals,87.17948717948718,MEDIUM,IVR D (INC)(Reaffirmed),2026-01-28,Long Term Bank Facilities,"BRICKWORK, CARE",D,2025-08-12,ULTRA HIGH,"INC at BOTH Infomerics AND another agency — maximally dissatisfied, actively needs new rater","This company has stopped cooperating with multiple raters. ACER offers a clean slate — faster turnaround, dedicated analyst, no baggage from prior agency relationship.",Session 4 — keyword matching,Sector keyword found in company name
Earth Water Limited,Earth Water Ltd.,Infrastructure,85.71428571428572,MEDIUM,IVR D (INC)(Reaffirmed),2025-10-23,Long Term Bank Facilities,BRICKWORK,D,2025-07-11,ULTRA HIGH,"INC at BOTH Infomerics AND another agency — maximally dissatisfied, actively needs new rater","This company has stopped cooperating with multiple raters. ACER offers a clean slate — faster turnaround, dedicated analyst, no baggage from prior agency relationship.",Session 4 — keyword matching,Sector keyword found in company name
Enn Enn Corp Limited,Enn Enn Corp Ltd.,Manufacturing – Industrial,86.48648648648648,MEDIUM,IVR BB+ (INC)(Downgraded),2025-09-01,Long Term Bank Facilities,IND-RA,B+,,ULTRA HIGH,"INC at BOTH Infomerics AND another agency — maximally dissatisfied, actively needs new rater","This company has stopped cooperating with multiple raters. ACER offers a clean slate — faster turnaround, dedicated analyst, no baggage from prior agency relationship.",Manual — company name analysis,Corp = general industrial/manufacturing
Esspal International Private Limited,Esspal International Pvt. Ltd.,Trading / Import-Export,84.84848484848484,MEDIUM,IVR BB (INC)(Downgraded),2025-09-30,Long Term Bank Facility,ACUITE,A 4+,2026-02-01,ULTRA HIGH,"INC at BOTH Infomerics AND another agency — maximally dissatisfied, actively needs new rater","This company has stopped cooperating with multiple raters. ACER offers a clean slate — faster turnaround, dedicated analyst, no baggage from prior agency relationship.",Manual — company name analysis,International = import-export trading
Everrenew Energy Private Limited,Everrenew Energy Pvt. Ltd.,Infrastructure,82.75862068965517,MEDIUM,IVR BB+ (INC)(Downgraded),2025-05-26,Long Term Bank Facilities,IND-RA,A 3,,ULTRA HIGH,"INC at BOTH Infomerics AND another agency — maximally dissatisfied, actively needs new rater","This company has stopped cooperating with multiple raters. ACER offers a clean slate — faster turnaround, dedicated analyst, no baggage from prior agency relationship.",Session 4 — keyword matching,Sector keyword found in company name
Farm India Impex Private Limited,Farm India Impex Pvt. Ltd.,Agro/Food,82.75862068965517,MEDIUM,IVR B+ (INC)(Downgraded),2025-05-19,Long Term Bank Facilities,ICRA,A 4+,2026-08-01,ULTRA HIGH,"INC at BOTH Infomerics AND another agency — maximally dissatisfied, actively needs new rater","This company has stopped cooperating with multiple raters. ACER offers a clean slate — faster turnaround, dedicated analyst, no baggage from prior agency relationship.",Session 4 — keyword matching,Sector keyword found in company name
Fastbuild Blocks Private Limited,Fastbuild Blocks Pvt. Ltd.,Construction,82.75862068965517,MEDIUM,IVR C+ (INC)(Downgraded),2026-02-02,Long Term Bank Facilities,"CRISIL, IND-RA",B-,,ULTRA HIGH,"INC at BOTH Infomerics AND another agency — maximally dissatisfied, actively needs new rater","This company has stopped cooperating with multiple raters. ACER offers a clean slate — faster turnaround, dedicated analyst, no baggage from prior agency relationship.",Manual — company name analysis,Fastbuild Blocks = construction materials/blocks
Frontier Knitters Private Limited,Frontier Knitters Pvt. Ltd.,Textiles,83.33333333333334,MEDIUM,IVR B (INC)(Downgraded),2025-04-01,Long Term Bank Facilities,"CRISIL, IND-RA",B,2025-06-10,ULTRA HIGH,"INC at BOTH Infomerics AND another agency — maximally dissatisfied, actively needs new rater","This company has stopped cooperating with multiple raters. ACER offers a clean slate — faster turnaround, dedicated analyst, no baggage from prior agency relationship.",Manual — company name analysis,Knitters = textile/knitwear manufacturing
Future Enterprises Limited,Future Enterprises Ltd.,Retail / Consumer,89.79591836734694,MEDIUM,IVR D (INC)(Reaffirmed),2025-02-24,Short Term Facilities,"ACUITE, CARE",D,,ULTRA HIGH,"INC at BOTH Infomerics AND another agency — maximally dissatisfied, actively needs new rater","This company has stopped cooperating with multiple raters. ACER offers a clean slate — faster turnaround, dedicated analyst, no baggage from prior agency relationship.",Manual — company name analysis,Future Group enterprise = retail/consumer
Gem Sugars Limited,Gem Sugars Ltd.,Agro/Food,84.84848484848484,MEDIUM,IVR B (INC)(Downgraded),2025-09-22,Long Term Bank Facilities,BRICKWORK,A 4,2026-03-03,ULTRA HIGH,"INC at BOTH Infomerics AND another agency — maximally dissatisfied, actively needs new rater","This company has stopped cooperating with multiple raters. ACER offers a clean slate — faster turnaround, dedicated analyst, no baggage from prior agency relationship.",Session 4 — keyword matching,Sector keyword found in company name
Global Powersource (India) Private Limited,Global Powersource (India) Pvt. Ltd.,Infrastructure,87.17948717948718,MEDIUM,IVR D (INC)(Reaffirmed),2026-02-10,Long Term Bank Facility,"BRICKWORK, IND-RA",D,2025-08-05,ULTRA HIGH,"INC at BOTH Infomerics AND another agency — maximally dissatisfied, actively needs new rater","This company has stopped cooperating with multiple raters. ACER offers a clean slate — faster turnaround, dedicated analyst, no baggage from prior agency relationship.",Session 4 — keyword matching,Sector keyword found in company name
Glowmore Finance Private Limited,Glowmore Finance Pvt. Ltd.,BFSI,82.75862068965517,MEDIUM,IVR B- (INC)(Downgraded),2025-04-30,Proposed Long-term Bank Facilities,IND-RA,B+,2025-10-11,ULTRA HIGH,"INC at BOTH Infomerics AND another agency — maximally dissatisfied, actively needs new rater","This company has stopped cooperating with multiple raters. ACER offers a clean slate — faster turnaround, dedicated analyst, no baggage from prior agency relationship.",Session 4 — keyword matching,Sector keyword found in company name
Goodwill Advance Construction Company Private Limited,Goodwill Advance Construction Co. Pvt. Ltd.,Construction,83.33333333333334,MEDIUM,IVR BB+ (INC)(Downgraded),2025-12-02,Long Term Bank Facilities,"CARE, ICRA",A 4,,ULTRA HIGH,"INC at BOTH Infomerics AND another agency — maximally dissatisfied, actively needs new rater","This company has stopped cooperating with multiple raters. ACER offers a clean slate — faster turnaround, dedicated analyst, no baggage from prior agency relationship.",Session 4 — keyword matching,Sector keyword found in company name
Grospinz Fabz Limited,Grospinz Fabz Ltd.,Textiles,87.17948717948718,MEDIUM,IVR BBB- (INC) (Downgraded),2025-11-28,Long Term Bank Facilities,ACUITE,A 4,,ULTRA HIGH,"INC at BOTH Infomerics AND another agency — maximally dissatisfied, actively needs new rater","This company has stopped cooperating with multiple raters. ACER offers a clean slate — faster turnaround, dedicated analyst, no baggage from prior agency relationship.",Manual — company name analysis,Fabz = fabric / textile manufacturing
Gulzar Motors Private Limited,Gulzar Motors Pvt. Ltd.,Auto / Dealership,80.76923076923077,MEDIUM,IVR BB (INC)(Downgraded),2025-05-16,Long Term Bank Facilities,"BRICKWORK, CRISIL",A 4,2025-10-09,ULTRA HIGH,"INC at BOTH Infomerics AND another agency — maximally dissatisfied, actively needs new rater","This company has stopped cooperating with multiple raters. ACER offers a clean slate — faster turnaround, dedicated analyst, no baggage from prior agency relationship.",Manual — company name analysis,Motors = automobile dealership or auto parts
Gupta Power Infrastructure Limited,Gupta Power Infrastructure Ltd.,Infrastructure,92.3076923076923,HIGH,IVR D (INC) (Reaffirmed),2026-01-14,Long Term Bank Facilities,CRISIL,D,,ULTRA HIGH,"INC at BOTH Infomerics AND another agency — maximally dissatisfied, actively needs new rater","This company has stopped cooperating with multiple raters. ACER offers a clean slate — faster turnaround, dedicated analyst, no baggage from prior agency relationship.",Session 4 — keyword matching,Sector keyword found in company name
Hartek Power Private Limited,Hartek Power Pvt. Ltd.,Infrastructure,80.0,MEDIUM,IVR BB+ (INC)(Withdrawn),2026-01-13,Long Term Facilities,BRICKWORK,A 4,2026-10-03,ULTRA HIGH,"INC at BOTH Infomerics AND another agency — maximally dissatisfied, actively needs new rater","This company has stopped cooperating with multiple raters. ACER offers a clean slate — faster turnaround, dedicated analyst, no baggage from prior agency relationship.",Session 4 — keyword matching,Sector keyword found in company name
Hind Energy Coal and Benefication (India) Limited,Hind Energy & Coal Benefication (India) Ltd.,Infrastructure,88.17204301075269,MEDIUM,IVR BB+ (INC)(Reaffirmed and Withdrawn),2023-06-02,Long Term Bank Facilities,"ACUITE, IND-RA",A 4,,ULTRA HIGH,"INC at BOTH Infomerics AND another agency — maximally dissatisfied, actively needs new rater","This company has stopped cooperating with multiple raters. ACER offers a clean slate — faster turnaround, dedicated analyst, no baggage from prior agency relationship.",Session 4 — keyword matching,Sector keyword found in company name
Imperial Granites Pvt Ltd,Imperial Granites Pvt. Ltd.,Manufacturing – Tiles/Stone,96.15384615384616,HIGH,IVR BB (INC)(Reaffirmed & Withdrawn),2021-10-21,Long Term Bank Facilities,CRISIL,A 4,,ULTRA HIGH,"INC at BOTH Infomerics AND another agency — maximally dissatisfied, actively needs new rater","This company has stopped cooperating with multiple raters. ACER offers a clean slate — faster turnaround, dedicated analyst, no baggage from prior agency relationship.",Manual — company name analysis,Granites = granite/stone/tile manufacturing
Independent Resources India Private Limited,Independent Resources India Pvt. Ltd.,Mining / Energy,87.5,MEDIUM,IVR B+ (INC)(Downgraded),2025-05-30,Long Term Bank Facilities,CRISIL,B,,ULTRA HIGH,"INC at BOTH Infomerics AND another agency — maximally dissatisfied, actively needs new rater","This company has stopped cooperating with multiple raters. ACER offers a clean slate — faster turnaround, dedicated analyst, no baggage from prior agency relationship.",Manual — company name analysis,Resources = mining or natural resources
Inderjit Mehta Constructions Private Limited,Inderjit Mehta Constructions Pvt. Ltd.,Construction,87.8048780487805,MEDIUM,IVR BB (INC) (Downgraded),2026-01-22,Long Term Bank Facilities,BRICKWORK,A 4,,ULTRA HIGH,"INC at BOTH Infomerics AND another agency — maximally dissatisfied, actively needs new rater","This company has stopped cooperating with multiple raters. ACER offers a clean slate — faster turnaround, dedicated analyst, no baggage from prior agency relationship.",Session 4 — keyword matching,Sector keyword found in company name
India Mega Agro Anaj Limited,India Mega Agro-Anaj Ltd.,Agro/Food,86.79245283018868,MEDIUM,IVR D (INC) (Reaffirmed),2025-12-01,Long Term Bank Facilities,CRISIL,D,,ULTRA HIGH,"INC at BOTH Infomerics AND another agency — maximally dissatisfied, actively needs new rater","This company has stopped cooperating with multiple raters. ACER offers a clean slate — faster turnaround, dedicated analyst, no baggage from prior agency relationship.",Session 4 — keyword matching,Sector keyword found in company name
Intergen Energy Limited,Intergen Energy Ltd.,Infrastructure,88.37209302325581,MEDIUM,IVR B (INC)(Downgraded),2025-03-26,Long Term Bank Facilities,BRICKWORK,A 4,2026-03-02,ULTRA HIGH,"INC at BOTH Infomerics AND another agency — maximally dissatisfied, actively needs new rater","This company has stopped cooperating with multiple raters. ACER offers a clean slate — faster turnaround, dedicated analyst, no baggage from prior agency relationship.",Session 4 — keyword matching,Sector keyword found in company name
JS Auto Cast Foundry India Private Limited,J S Auto Cast Foundry India Pvt. Ltd.,Steel & Metals,83.54430379746836,MEDIUM,IVR B+ (INC)(Downgraded),2026-01-09,Long Term Bank Facilities,"ACUITE, CRISIL",A 4,2026-02-02,ULTRA HIGH,"INC at BOTH Infomerics AND another agency — maximally dissatisfied, actively needs new rater","This company has stopped cooperating with multiple raters. ACER offers a clean slate — faster turnaround, dedicated analyst, no baggage from prior agency relationship.",Session 4 — keyword matching,Sector keyword found in company name
Jagruti Sugar & Allied Industries Limited,Jagruti Sugar & Allied Inds. Ltd.,Agro/Food,83.78378378378379,MEDIUM,IVR BB (INC)(Downgraded),2025-09-22,Long Term Bank Facilities,IND-RA,BB-/A4+,2026-12-01,ULTRA HIGH,"INC at BOTH Infomerics AND another agency — maximally dissatisfied, actively needs new rater","This company has stopped cooperating with multiple raters. ACER offers a clean slate — faster turnaround, dedicated analyst, no baggage from prior agency relationship.",Session 4 — keyword matching,Sector keyword found in company name
Jai Hind Sugar Private Limited,Jai Hind Sugar Pvt. Ltd.,Agro/Food,81.4814814814815,MEDIUM,IVR BB+ (INC)(Downgraded),2025-12-10,Long Term Bank Facilities,"BRICKWORK, IND-RA",B,2025-11-09,ULTRA HIGH,"INC at BOTH Infomerics AND another agency — maximally dissatisfied, actively needs new rater","This company has stopped cooperating with multiple raters. ACER offers a clean slate — faster turnaround, dedicated analyst, no baggage from prior agency relationship.",Session 4 — keyword matching,Sector keyword found in company name
Jaywant Sugars Limited,Jaywant Sugars Ltd.,Agro/Food,87.8048780487805,MEDIUM,IVR BB- (INC) (Downgraded),2025-12-11,Long Term Fund Based Bank Facilities,CRISIL,B,,ULTRA HIGH,"INC at BOTH Infomerics AND another agency — maximally dissatisfied, actively needs new rater","This company has stopped cooperating with multiple raters. ACER offers a clean slate — faster turnaround, dedicated analyst, no baggage from prior agency relationship.",Session 4 — keyword matching,Sector keyword found in company name
Kalinga International,Kings International Ltd.,Trading / Import-Export,80.0,MEDIUM,IVR D (INC)(Reaffirmed),2025-09-09,Long Term Bank Facilities,"BRICKWORK, CRISIL",A 4,2025-07-10,ULTRA HIGH,"INC at BOTH Infomerics AND another agency — maximally dissatisfied, actively needs new rater","This company has stopped cooperating with multiple raters. ACER offers a clean slate — faster turnaround, dedicated analyst, no baggage from prior agency relationship.",Manual — company name analysis,International = trading/export
Kalpataruvu Spinning Mills Private Limited,Kalpataruvu Spinning Mills Pvt. Ltd.,Textiles,87.17948717948718,MEDIUM,IVR D (INC)(Downgraded),2024-12-16,Long Term Bank Facilities,"CARE, CRISIL, IND-RA",D,2026-05-02,ULTRA HIGH,"INC at BOTH Infomerics AND another agency — maximally dissatisfied, actively needs new rater","This company has stopped cooperating with multiple raters. ACER offers a clean slate — faster turnaround, dedicated analyst, no baggage from prior agency relationship.",Session 4 — keyword matching,Sector keyword found in company name
Katyayini Paper Mills Private Limited,Katyayini Paper Mills Pvt. Ltd.,Manufacturing – Paper,85.29411764705883,MEDIUM,IVR BB+ (INC)(Downgraded),2026-01-08,Long Term Facilities,BRICKWORK,D,,ULTRA HIGH,"INC at BOTH Infomerics AND another agency — maximally dissatisfied, actively needs new rater","This company has stopped cooperating with multiple raters. ACER offers a clean slate — faster turnaround, dedicated analyst, no baggage from prior agency relationship.",Manual — company name analysis,Paper Mills = paper manufacturing
Kaveri Garage Private Limited,Kaveri Garage Pvt. Ltd.,Auto / Services,80.76923076923077,MEDIUM,IVR B+ (INC) (Downgraded),2025-12-05,Long Term Facilities,CRISIL,B,,ULTRA HIGH,"INC at BOTH Infomerics AND another agency — maximally dissatisfied, actively needs new rater","This company has stopped cooperating with multiple raters. ACER offers a clean slate — faster turnaround, dedicated analyst, no baggage from prior agency relationship.",Manual — company name analysis,Garage = automotive services/repair
Khaitan Winding Wire Private Limited,Khaitan Winding Wire Pvt. Ltd.,Manufacturing – Electrical,84.84848484848484,MEDIUM,IVR BB (INC)(Downgraded),2025-09-15,Long Term Bank Facilities,"ACUITE, BRICKWORK",A 4,,ULTRA HIGH,"INC at BOTH Infomerics AND another agency — maximally dissatisfied, actively needs new rater","This company has stopped cooperating with multiple raters. ACER offers a clean slate — faster turnaround, dedicated analyst, no baggage from prior agency relationship.",Manual — company name analysis,Winding Wire = electrical/winding wire mfg
Khandoba Distilleries Limited,Khandoba Distilleries Pvt. Ltd.,Agro/Food,83.33333333333334,MEDIUM,IVR B+ (INC)(Downgraded),2025-07-28,Long Term Bank Facilities,BRICKWORK,A 4,2025-10-10,ULTRA HIGH,"INC at BOTH Infomerics AND another agency — maximally dissatisfied, actively needs new rater","This company has stopped cooperating with multiple raters. ACER offers a clean slate — faster turnaround, dedicated analyst, no baggage from prior agency relationship.",Manual — company name analysis,Distilleries = alcohol/agro-based manufacturing
Kisha Telelinks Private Limited,Kisha Telelinks Pvt. Ltd.,Telecom / IT,82.14285714285714,MEDIUM,IVR BB- (INC) (Downgraded),2026-01-07,Long Term Bank Facilities,ACUITE,A 4,,ULTRA HIGH,"INC at BOTH Infomerics AND another agency — maximally dissatisfied, actively needs new rater","This company has stopped cooperating with multiple raters. ACER offers a clean slate — faster turnaround, dedicated analyst, no baggage from prior agency relationship.",Manual — company name analysis,Telelinks = telecom infrastructure or IT
Kothari Metsol Private Limited,Kothari Metsol Pvt. Ltd.,Manufacturing – Metal,81.4814814814815,MEDIUM,IVR BB+ (INC)(Downgraded),2025-12-23,Long Term Bank Facilities,ICRA,A 4,,ULTRA HIGH,"INC at BOTH Infomerics AND another agency — maximally dissatisfied, actively needs new rater","This company has stopped cooperating with multiple raters. ACER offers a clean slate — faster turnaround, dedicated analyst, no baggage from prior agency relationship.",Manual — company name analysis,Metsol = metal solutions/manufacturing
Krishna CorpIndia Private Limited,Krishna Corpindia Pvt. Ltd.,Manufacturing – Industrial,80.0,MEDIUM,IVR BB+ (INC)(Downgraded),2025-09-19,Long Term Bank Facilities,CRISIL,A 4+,2026-10-03,ULTRA HIGH,"INC at BOTH Infomerics AND another agency — maximally dissatisfied, actively needs new rater","This company has stopped cooperating with multiple raters. ACER offers a clean slate — faster turnaround, dedicated analyst, no baggage from prior agency relationship.",Manual — company name analysis,CorpIndia = general manufacturing
Kute Sons Dairys Limited,Kute Sons Dairys Ltd.,Agro/Food,88.88888888888889,MEDIUM,IVR D (INC)(Reaffirmed),2026-01-12,Long Term Bank Facilities,BRICKWORK,D,,ULTRA HIGH,"INC at BOTH Infomerics AND another agency — maximally dissatisfied, actively needs new rater","This company has stopped cooperating with multiple raters. ACER offers a clean slate — faster turnaround, dedicated analyst, no baggage from prior agency relationship.",Session 4 — keyword matching,Sector keyword found in company name
Laxmi Dia Jewels Private Limited,Laxmi Dia Jewel Pvt. Ltd.,Gems / Jewellery,80.70175438596492,MEDIUM,IVR BB- (INC)(Downgraded),2025-01-02,Long Term Bank Facilities,CRISIL,A 4,,ULTRA HIGH,"INC at BOTH Infomerics AND another agency — maximally dissatisfied, actively needs new rater","This company has stopped cooperating with multiple raters. ACER offers a clean slate — faster turnaround, dedicated analyst, no baggage from prior agency relationship.",Manual — company name analysis,Dia Jewels = diamond jewellery manufacturing
Libra International Limited,Libra International Ltd.,Trading / Import-Export,90.19607843137256,HIGH,IVR BB- (INC)(Downgraded),2025-03-04,Long Term Bank Facilities,CARE,B/A4,2026-04-05,ULTRA HIGH,"INC at BOTH Infomerics AND another agency — maximally dissatisfied, actively needs new rater","This company has stopped cooperating with multiple raters. ACER offers a clean slate — faster turnaround, dedicated analyst, no baggage from prior agency relationship.",Manual — company name analysis,International = trading/export
Mahakaleshwar Infratech Private Limited,Mahakaleshwar Infratech Pvt. Ltd.,Infrastructure,86.11111111111111,MEDIUM,IVR B+ (INC)(Downgraded),2025-08-08,Long Term Bank Facilities,"CRISIL, IND-RA",A 4,2025-11-09,ULTRA HIGH,"INC at BOTH Infomerics AND another agency — maximally dissatisfied, actively needs new rater","This company has stopped cooperating with multiple raters. ACER offers a clean slate — faster turnaround, dedicated analyst, no baggage from prior agency relationship.",Session 4 — keyword matching,Sector keyword found in company name
Mahakali Ispat Private Limited,Mahakali Ispat Pvt. Ltd.,Steel & Metals,81.4814814814815,MEDIUM,IVR B+ (INC)(Downgraded),2025-03-19,Long Term Bank Facility,IND-RA,B-/A4,,ULTRA HIGH,"INC at BOTH Infomerics AND another agency — maximally dissatisfied, actively needs new rater","This company has stopped cooperating with multiple raters. ACER offers a clean slate — faster turnaround, dedicated analyst, no baggage from prior agency relationship.",Manual — company name analysis,Ispat = steel/iron/metals
Mahalakshmi Spintex Private Limited,Mahalakshmi Spintex Pvt. Ltd.,Textiles,84.375,MEDIUM,IVR B+ (INC)(Downgraded),2025-06-04,Long Term Bank Facilities,CRISIL,BB+,2026-12-01,ULTRA HIGH,"INC at BOTH Infomerics AND another agency — maximally dissatisfied, actively needs new rater","This company has stopped cooperating with multiple raters. ACER offers a clean slate — faster turnaround, dedicated analyst, no baggage from prior agency relationship.",Manual — company name analysis,Spintex = spinning/textile manufacturing
Mahalaxmi Polypack Private Limited,Mahalaxmi Polypack Pvt. Ltd.,Manufacturing – Packaging,83.87096774193549,MEDIUM,IVR BB+ (INC)(Reaffirmed),2025-07-29,Long Term Facilities,BRICKWORK,A 4,2026-06-03,ULTRA HIGH,"INC at BOTH Infomerics AND another agency — maximally dissatisfied, actively needs new rater","This company has stopped cooperating with multiple raters. ACER offers a clean slate — faster turnaround, dedicated analyst, no baggage from prior agency relationship.",Manual — company name analysis,Polypack = plastic packaging
Manbhum Ispat Private Limited,Manbhum Ispat Pvt. Ltd.,Steel & Metals,80.76923076923077,MEDIUM,IVR BBB- (INC)(Downgraded),2025-12-19,Long Term Bank Facilities,CRISIL,A 4+,,ULTRA HIGH,"INC at BOTH Infomerics AND another agency — maximally dissatisfied, actively needs new rater","This company has stopped cooperating with multiple raters. ACER offers a clean slate — faster turnaround, dedicated analyst, no baggage from prior agency relationship.",Manual — company name analysis,Ispat = steel/iron/metals
Mani Square Limited,Mani Square Ltd.,Real Estate / Retail,85.71428571428572,MEDIUM,IVR D (INC)(Reaffirmed),2025-09-22,Long Term Bank Facilities,CARE,D,,ULTRA HIGH,"INC at BOTH Infomerics AND another agency — maximally dissatisfied, actively needs new rater","This company has stopped cooperating with multiple raters. ACER offers a clean slate — faster turnaround, dedicated analyst, no baggage from prior agency relationship.",Manual — company name analysis,Square = shopping mall/real estate
Maple Panels Private Limited,Maple Panels Pvt. Ltd.,Manufacturing – Panels/Wood,80.0,MEDIUM,IVR BB- (INC) (Downgraded),2025-02-13,Long Term Bank Facilities,"BRICKWORK, IND-RA",A 4+,2025-08-09,ULTRA HIGH,"INC at BOTH Infomerics AND another agency — maximally dissatisfied, actively needs new rater","This company has stopped cooperating with multiple raters. ACER offers a clean slate — faster turnaround, dedicated analyst, no baggage from prior agency relationship.",Manual — company name analysis,Panels = wood/composite panels
Melt-O-Therm Furnaces Private Limited,Melt-O-Therm Furnaces Pvt. Ltd.,Manufacturing – Industrial,85.29411764705883,MEDIUM,IVR C- (INC)(Reaffirmed),2025-10-06,Long Term Bank Facilities,CRISIL,A 4,,ULTRA HIGH,"INC at BOTH Infomerics AND another agency — maximally dissatisfied, actively needs new rater","This company has stopped cooperating with multiple raters. ACER offers a clean slate — faster turnaround, dedicated analyst, no baggage from prior agency relationship.",Manual — company name analysis,Furnaces = industrial furnace manufacturing
Melzer Chemicals Private Limited,Melzer Chemicals Pvt. Ltd.,Chemicals,82.75862068965517,MEDIUM,IVR BB- (INC)(Downgraded),2026-01-02,Long Term Bank Facilities,IND-RA,A 4+,,ULTRA HIGH,"INC at BOTH Infomerics AND another agency — maximally dissatisfied, actively needs new rater","This company has stopped cooperating with multiple raters. ACER offers a clean slate — faster turnaround, dedicated analyst, no baggage from prior agency relationship.",Session 4 — keyword matching,Sector keyword found in company name
Metropole Vinimay Private Limited,Metropole Vinimay Pvt. Ltd.,Infrastructure,83.33333333333334,MEDIUM,IVR BB (INC) (Downgraded),2025-12-18,Long Term Bank Facilities,CRISIL,B,2025-09-10,ULTRA HIGH,"INC at BOTH Infomerics AND another agency — maximally dissatisfied, actively needs new rater","This company has stopped cooperating with multiple raters. ACER offers a clean slate — faster turnaround, dedicated analyst, no baggage from prior agency relationship.",Session 4 — keyword matching,Sector keyword found in company name
Millenium Steel India Private Limited,Millenium Steel India Pvt. Ltd.,Steel & Metals,85.29411764705883,MEDIUM,IVR C+ (INC)(Downgraded),2026-01-09,Long Term Bank Facilities,"CARE, CRISIL",A 4,2025-09-10,ULTRA HIGH,"INC at BOTH Infomerics AND another agency — maximally dissatisfied, actively needs new rater","This company has stopped cooperating with multiple raters. ACER offers a clean slate — faster turnaround, dedicated analyst, no baggage from prior agency relationship.",Session 4 — keyword matching,Sector keyword found in company name
Mobile Communications (India) Private Limited,Mobile Communication (India) Pvt. Ltd.,Telecom / IT,86.74698795180723,MEDIUM,IVR BB (INC)(Downgraded),2025-09-16,Long Term Bank Facilities,ACUITE,A 4+,,ULTRA HIGH,"INC at BOTH Infomerics AND another agency — maximally dissatisfied, actively needs new rater","This company has stopped cooperating with multiple raters. ACER offers a clean slate — faster turnaround, dedicated analyst, no baggage from prior agency relationship.",Manual — company name analysis,Mobile Communications = telecom
Morth Infrastructure Private Limited,Morth Infrastructure Pvt. Ltd.,Infrastructure,84.84848484848484,MEDIUM,IVR C+ (INC)(Downgraded),2026-01-22,Long Term Bank Facilities,CRISIL,A 4,,ULTRA HIGH,"INC at BOTH Infomerics AND another agency — maximally dissatisfied, actively needs new rater","This company has stopped cooperating with multiple raters. ACER offers a clean slate — faster turnaround, dedicated analyst, no baggage from prior agency relationship.",Session 4 — keyword matching,Sector keyword found in company name
Mother India Agrofoods Private Limited,Mother India Agrofoods Pvt. Ltd.,Agro/Food,85.71428571428572,MEDIUM,IVR BB- (INC)(Downgraded),2025-08-01,Long Term Bank Facilities,"ACUITE, BRICKWORK, CRISIL",B,2025-01-08,ULTRA HIGH,"INC at BOTH Infomerics AND another agency — maximally dissatisfied, actively needs new rater","This company has stopped cooperating with multiple raters. ACER offers a clean slate — faster turnaround, dedicated analyst, no baggage from prior agency relationship.",Session 4 — keyword matching,Sector keyword found in company name
Nand Infrastructure and Projects,Sadbhav Infrastructure Project Ltd.,Infrastructure,80.59701492537313,MEDIUM,IVR BB- (INC)(Downgraded),2025-09-16,Long Term Bank Facilities,IND-RA,C/A4,2025-11-09,ULTRA HIGH,"INC at BOTH Infomerics AND another agency — maximally dissatisfied, actively needs new rater","This company has stopped cooperating with multiple raters. ACER offers a clean slate — faster turnaround, dedicated analyst, no baggage from prior agency relationship.",Session 4 — keyword matching,Sector keyword found in company name
Naolin Infrastructure Private Limited,Naolin Infrastructure Pvt. Ltd.,Infrastructure,85.29411764705883,MEDIUM,IVR D (INC)(Reaffirmed),2025-10-17,Long Term Bank Facility,BRICKWORK,D,,ULTRA HIGH,"INC at BOTH Infomerics AND another agency — maximally dissatisfied, actively needs new rater","This company has stopped cooperating with multiple raters. ACER offers a clean slate — faster turnaround, dedicated analyst, no baggage from prior agency relationship.",Session 4 — keyword matching,Sector keyword found in company name
Navachetana Microfinance Services Private Limited,Navachetana Microfin Services Pvt. Ltd.,BFSI,84.0909090909091,MEDIUM,IVR D (INC)(Downgraded),2025-06-04,Long Term Bank Facilities - Term Loans,ACUITE,D,,ULTRA HIGH,"INC at BOTH Infomerics AND another agency — maximally dissatisfied, actively needs new rater","This company has stopped cooperating with multiple raters. ACER offers a clean slate — faster turnaround, dedicated analyst, no baggage from prior agency relationship.",Session 4 — keyword matching,Sector keyword found in company name
Nayati Healthcare & Research Private Limited,Nayati Healthcare & Research Pvt. Ltd.,Healthcare,87.8048780487805,MEDIUM,IVR D (INC)(Reaffirmed),2025-02-19,Long Term Bank Facilities,BRICKWORK,D,,ULTRA HIGH,"INC at BOTH Infomerics AND another agency — maximally dissatisfied, actively needs new rater","This company has stopped cooperating with multiple raters. ACER offers a clean slate — faster turnaround, dedicated analyst, no baggage from prior agency relationship.",Session 4 — keyword matching,Sector keyword found in company name
Neccon Power and Infra Limited,Neccon Power & Infra Ltd.,Infrastructure,80.0,MEDIUM,IVR D (INC)(Downgraded),2025-06-24,Long Term Bank Facilities,BRICKWORK,D,,ULTRA HIGH,"INC at BOTH Infomerics AND another agency — maximally dissatisfied, actively needs new rater","This company has stopped cooperating with multiple raters. ACER offers a clean slate — faster turnaround, dedicated analyst, no baggage from prior agency relationship.",Session 4 — keyword matching,Sector keyword found in company name
Nextgen Printers Private Limited,Nextgen Printers Pvt. Ltd.,Manufacturing – Print,82.75862068965517,MEDIUM,IVR C+ (INC)(Downgraded),2025-07-22,Long Term Facilities,BRICKWORK,A 4,2025-10-06,ULTRA HIGH,"INC at BOTH Infomerics AND another agency — maximally dissatisfied, actively needs new rater","This company has stopped cooperating with multiple raters. ACER offers a clean slate — faster turnaround, dedicated analyst, no baggage from prior agency relationship.",Manual — company name analysis,Printers = printing/packaging machinery
Nova Textiles Private Limited,Nova Textiles Pvt. Ltd.,Textiles,80.76923076923077,MEDIUM,IVR BB+ (INC)(Downgraded),2025-06-26,Long Term Bank Facilities,BRICKWORK,A 4,2025-11-12,ULTRA HIGH,"INC at BOTH Infomerics AND another agency — maximally dissatisfied, actively needs new rater","This company has stopped cooperating with multiple raters. ACER offers a clean slate — faster turnaround, dedicated analyst, no baggage from prior agency relationship.",Session 4 — keyword matching,Sector keyword found in company name
OP Gupta Contractor Private Limited,O P Gupta Contractors Pvt. Ltd.,Construction,81.81818181818181,MEDIUM,IVR B+ (INC) (Downgraded),2025-12-02,Long Term Bank Facility,BRICKWORK,A 4,2025-03-07,ULTRA HIGH,"INC at BOTH Infomerics AND another agency — maximally dissatisfied, actively needs new rater","This company has stopped cooperating with multiple raters. ACER offers a clean slate — faster turnaround, dedicated analyst, no baggage from prior agency relationship.",Manual — company name analysis,Contractor = construction contractor
Orito Polyfab Private Limited,Orito Polyfab Pvt. Ltd.,Manufacturing – Plastics,80.76923076923077,MEDIUM,IVR BB+ (INC)(Downgraded),2025-09-16,Long Term Bank Facilities,IND-RA,A 4,,ULTRA HIGH,"INC at BOTH Infomerics AND another agency — maximally dissatisfied, actively needs new rater","This company has stopped cooperating with multiple raters. ACER offers a clean slate — faster turnaround, dedicated analyst, no baggage from prior agency relationship.",Manual — company name analysis,Polyfab = plastic/polymer fabrication
Paliwal Sons Dairy Private Limited,Paliwal Sons Dairy Pvt. Ltd.,Agro/Food,83.87096774193549,MEDIUM,IVR B+ (INC)(Downgraded),2025-01-07,Long Term Bank Facilities,BRICKWORK,B-,2025-08-12,ULTRA HIGH,"INC at BOTH Infomerics AND another agency — maximally dissatisfied, actively needs new rater","This company has stopped cooperating with multiple raters. ACER offers a clean slate — faster turnaround, dedicated analyst, no baggage from prior agency relationship.",Session 4 — keyword matching,Sector keyword found in company name
Paragon Apparel Private Limited,Paragon Apparel Pvt. Ltd.,Textiles,82.14285714285714,MEDIUM,IVR B+ (INC)(Downgraded),2026-02-09,Long Term Bank Facilities,CRISIL,A 4,2025-12-11,ULTRA HIGH,"INC at BOTH Infomerics AND another agency — maximally dissatisfied, actively needs new rater","This company has stopped cooperating with multiple raters. ACER offers a clean slate — faster turnaround, dedicated analyst, no baggage from prior agency relationship.",Session 4 — keyword matching,Sector keyword found in company name
Parmeshwari Silk Mills Limited,Parmeshwari Silk Mills Ltd.,Textiles,91.2280701754386,HIGH,IVR BB (INC)(Reaffirmed & Withdrawn),2022-12-26,Long Term Bank Facilities,CARE,BB+,2025-03-07,ULTRA HIGH,"INC at BOTH Infomerics AND another agency — maximally dissatisfied, actively needs new rater","This company has stopped cooperating with multiple raters. ACER offers a clean slate — faster turnaround, dedicated analyst, no baggage from prior agency relationship.",Manual — company name analysis,Silk Mills = silk/textile manufacturing
Permali Wallace Private Limited,Permali Wallace Pvt. Ltd.,Manufacturing – Composites,82.14285714285714,MEDIUM,IVR BB- (INC)(Downgraded),2025-09-03,Long Term Bank Facilities,CRISIL,A 4+,,ULTRA HIGH,"INC at BOTH Infomerics AND another agency — maximally dissatisfied, actively needs new rater","This company has stopped cooperating with multiple raters. ACER offers a clean slate — faster turnaround, dedicated analyst, no baggage from prior agency relationship.",Manual — company name analysis,Composites/laminates manufacturer
Prateek Apparels Private Limited,Prateek Apparels Pvt. Ltd.,Textiles,82.75862068965517,MEDIUM,IVR C (INC)(Downgraded),2025-06-20,Long Term Bank Facilities,"ICRA, IND-RA",A 4,2026-04-03,ULTRA HIGH,"INC at BOTH Infomerics AND another agency — maximally dissatisfied, actively needs new rater","This company has stopped cooperating with multiple raters. ACER offers a clean slate — faster turnaround, dedicated analyst, no baggage from prior agency relationship.",Session 4 — keyword matching,Sector keyword found in company name
Premier Cables & Conductors Private Limited,Premier Cables & Conductors Pvt. Ltd.,Manufacturing – Electrical,87.5,MEDIUM,IVR B- (INC) (Downgraded),2026-01-15,Long Term Bank Facility,BRICKWORK,A 4,2025-10-11,ULTRA HIGH,"INC at BOTH Infomerics AND another agency — maximally dissatisfied, actively needs new rater","This company has stopped cooperating with multiple raters. ACER offers a clean slate — faster turnaround, dedicated analyst, no baggage from prior agency relationship.",Manual — company name analysis,Cables & Conductors = electrical cable mfg
R. S. Development & Constructions India Private Limited,R S Development & Constructions India Pvt. Ltd.,Construction,88.23529411764706,MEDIUM,IVR BB+ (INC)(Downgraded),2025-09-26,Long Term Bank Facilities,"BRICKWORK, CRISIL, IND-RA",A 4+,,ULTRA HIGH,"INC at BOTH Infomerics AND another agency — maximally dissatisfied, actively needs new rater","This company has stopped cooperating with multiple raters. ACER offers a clean slate — faster turnaround, dedicated analyst, no baggage from prior agency relationship.",Session 4 — keyword matching,Sector keyword found in company name
R. S. Infra Transmission Limited,K S Infra Transmission Pvt. Ltd.,Infrastructure,81.25,MEDIUM,IVR BB+ (INC)(Downgraded),2025-05-20,Long Term Facilities,ICRA,D,,ULTRA HIGH,"INC at BOTH Infomerics AND another agency — maximally dissatisfied, actively needs new rater","This company has stopped cooperating with multiple raters. ACER offers a clean slate — faster turnaround, dedicated analyst, no baggage from prior agency relationship.",Session 4 — keyword matching,Sector keyword found in company name
RMN Infrastructure Limited,R M N Infrastructures Ltd.,Infrastructure,80.76923076923077,MEDIUM,IVR BB+ (INC)(Downgraded),2025-09-05,Long Term Facilities,"BRICKWORK, CARE",A 4+,2025-11-07,ULTRA HIGH,"INC at BOTH Infomerics AND another agency — maximally dissatisfied, actively needs new rater","This company has stopped cooperating with multiple raters. ACER offers a clean slate — faster turnaround, dedicated analyst, no baggage from prior agency relationship.",Session 4 — keyword matching,Sector keyword found in company name
Radiant Industries,Jaipan Industries Ltd.,Manufacturing – Industrial,80.0,MEDIUM,IVR C+ (INC)(Downgraded),2026-02-09,Long Term Bank Facilities,IND-RA,B-,,ULTRA HIGH,"INC at BOTH Infomerics AND another agency — maximally dissatisfied, actively needs new rater","This company has stopped cooperating with multiple raters. ACER offers a clean slate — faster turnaround, dedicated analyst, no baggage from prior agency relationship.",Manual — company name analysis,General industrial manufacturer
Rajaramsevak Multipurpose Cold Storage Private Limited (RMCSPL),Rajaramsevak Multipurpose Cold Storage Pvt. Ltd.,Agro/Food,82.88288288288288,MEDIUM,IVR D (INC)(Reaffirmed),2025-04-16,Long Term Bank Facilities,"ACUITE, CARE, IND-RA",D,2026-09-02,ULTRA HIGH,"INC at BOTH Infomerics AND another agency — maximally dissatisfied, actively needs new rater","This company has stopped cooperating with multiple raters. ACER offers a clean slate — faster turnaround, dedicated analyst, no baggage from prior agency relationship.",Session 4 — keyword matching,Sector keyword found in company name
Ramesh Iron & Steel Company India Private Limited,Ramesh Iron & Steel Co. India Pvt. Ltd.,Steel & Metals,81.81818181818181,MEDIUM,IVR B+ (INC)(Downgraded),2025-01-31,Long Term Bank Facilities,CARE,A 4,,ULTRA HIGH,"INC at BOTH Infomerics AND another agency — maximally dissatisfied, actively needs new rater","This company has stopped cooperating with multiple raters. ACER offers a clean slate — faster turnaround, dedicated analyst, no baggage from prior agency relationship.",Session 4 — keyword matching,Sector keyword found in company name
Rana Milk Foods Private Limited,Rana Milk Foods Pvt. Ltd.,Agro/Food,82.14285714285714,MEDIUM,IVR D (INC) (Reaffirmed),2025-12-08,Long Term Bank Facilities,"CARE, IND-RA",D,2025-06-05,ULTRA HIGH,"INC at BOTH Infomerics AND another agency — maximally dissatisfied, actively needs new rater","This company has stopped cooperating with multiple raters. ACER offers a clean slate — faster turnaround, dedicated analyst, no baggage from prior agency relationship.",Session 4 — keyword matching,Sector keyword found in company name
Ray Engineering Private Limited,Ray Engineering Pvt. Ltd.,Manufacturing – Engineering,82.14285714285714,MEDIUM,IVR BB (INC)(Downgraded),2025-04-07,Long Term fund-based Bank Facilities,CARE,B+/A4,,ULTRA HIGH,"INC at BOTH Infomerics AND another agency — maximally dissatisfied, actively needs new rater","This company has stopped cooperating with multiple raters. ACER offers a clean slate — faster turnaround, dedicated analyst, no baggage from prior agency relationship.",Manual — company name analysis,Engineering = industrial engineering mfg
Roger Industries Limited,Roger Industries Ltd.,Manufacturing – Industrial,88.88888888888889,MEDIUM,IVR BB (INC)(Downgraded),2025-06-06,Long Term Bank Facilities,BRICKWORK,A 4,2025-11-11,ULTRA HIGH,"INC at BOTH Infomerics AND another agency — maximally dissatisfied, actively needs new rater","This company has stopped cooperating with multiple raters. ACER offers a clean slate — faster turnaround, dedicated analyst, no baggage from prior agency relationship.",Manual — company name analysis,Industries = general manufacturing
Safeco Hygiene Films Private Limited,Safeco Hygiene Films Pvt. Ltd.,Manufacturing – Packaging,84.84848484848484,MEDIUM,IVR D (INC)(Reaffirmed),2025-07-08,Long Term Bank Facilities,BRICKWORK,D,,ULTRA HIGH,"INC at BOTH Infomerics AND another agency — maximally dissatisfied, actively needs new rater","This company has stopped cooperating with multiple raters. ACER offers a clean slate — faster turnaround, dedicated analyst, no baggage from prior agency relationship.",Manual — company name analysis,Hygiene Films = plastic film/packaging
Safety Controls & Devices Limited,Safety Controls & Devices Ltd.,Manufacturing – Electrical,92.06349206349206,HIGH,IVR BB (INC) (Downgraded),2025-12-04,Long Term Bank Facilities,"CRISIL, IND-RA",A 4+,,ULTRA HIGH,"INC at BOTH Infomerics AND another agency — maximally dissatisfied, actively needs new rater","This company has stopped cooperating with multiple raters. ACER offers a clean slate — faster turnaround, dedicated analyst, no baggage from prior agency relationship.",Manual — company name analysis,Safety Controls = industrial safety devices
Sagar Metallics Private Limited,Sagar Metallics Pvt. Ltd.,Steel & Metals,82.14285714285714,MEDIUM,IVR B (INC)(Downgraded),2025-06-30,Long Term Bank Facilities,"CARE, IND-RA",B-/A4,2026-12-02,ULTRA HIGH,"INC at BOTH Infomerics AND another agency — maximally dissatisfied, actively needs new rater","This company has stopped cooperating with multiple raters. ACER offers a clean slate — faster turnaround, dedicated analyst, no baggage from prior agency relationship.",Session 4 — keyword matching,Sector keyword found in company name
Sai Industries Private Limited,Sai Industries Pvt. Ltd.,Manufacturing – Industrial,81.4814814814815,MEDIUM,IVR BB- (INC)(Downgraded),2025-11-12,Long Term Bank Facilities,CARE,A 4,,ULTRA HIGH,"INC at BOTH Infomerics AND another agency — maximally dissatisfied, actively needs new rater","This company has stopped cooperating with multiple raters. ACER offers a clean slate — faster turnaround, dedicated analyst, no baggage from prior agency relationship.",Manual — company name analysis,Industries = general industrial mfg
Samrat Gems Impex Private Limited,Samrat Gems Impex Pvt. Ltd.,Gems / Jewellery,83.33333333333334,MEDIUM,IVR D (INC)(Downgraded),2025-01-01,Long Term Bank Facilities,IND-RA,D,,ULTRA HIGH,"INC at BOTH Infomerics AND another agency — maximally dissatisfied, actively needs new rater","This company has stopped cooperating with multiple raters. ACER offers a clean slate — faster turnaround, dedicated analyst, no baggage from prior agency relationship.",Manual — company name analysis,Gems Impex = gems/jewellery import-export
Santlal Industries Limited,Santlal Industries Ltd.,Manufacturing – Industrial,89.79591836734694,MEDIUM,IVR B+ (INC)(Downgraded),2025-07-10,Long Term Fund based facilities -Cash Credit,ACUITE,BB-,,ULTRA HIGH,"INC at BOTH Infomerics AND another agency — maximally dissatisfied, actively needs new rater","This company has stopped cooperating with multiple raters. ACER offers a clean slate — faster turnaround, dedicated analyst, no baggage from prior agency relationship.",Manual — company name analysis,Industries = general industrial mfg
Sarvottam Rolling Mills Private Limited,Sarvottam Rolling Mills Pvt. Ltd.,Steel & Metals,86.11111111111111,MEDIUM,IVR B+ (INC)(Downgraded),2025-07-17,Long Term Bank Facilities,IND-RA,A 4,,ULTRA HIGH,"INC at BOTH Infomerics AND another agency — maximally dissatisfied, actively needs new rater","This company has stopped cooperating with multiple raters. ACER offers a clean slate — faster turnaround, dedicated analyst, no baggage from prior agency relationship.",Manual — company name analysis,Rolling Mills = steel rolling mills
Sattva Engineering Construction Private Limited,Sattva Engineering Construction Ltd.,Construction,84.33734939759037,MEDIUM,IVR B (INC) (Downgraded),2025-12-04,Long Term Facilities,BRICKWORK,A 4,2026-01-04,ULTRA HIGH,"INC at BOTH Infomerics AND another agency — maximally dissatisfied, actively needs new rater","This company has stopped cooperating with multiple raters. ACER offers a clean slate — faster turnaround, dedicated analyst, no baggage from prior agency relationship.",Session 4 — keyword matching,Sector keyword found in company name
Sheetal Cool Products Limited,Sheetal Cool Products Ltd.,Manufacturing – Industrial,90.9090909090909,HIGH,IVR B+ (INC)(Downgraded),2025-09-16,Long Term Bank Facilities,CRISIL,B,,ULTRA HIGH,"INC at BOTH Infomerics AND another agency — maximally dissatisfied, actively needs new rater","This company has stopped cooperating with multiple raters. ACER offers a clean slate — faster turnaround, dedicated analyst, no baggage from prior agency relationship.",Manual — company name analysis,Cool Products = refrigeration/cooling equipment
Shonan Engineering Works Private Limited,Shonan Engineering Works Pvt. Ltd.,Manufacturing – Engineering,86.48648648648648,MEDIUM,IVR B (INC)(Downgraded),2025-08-04,Long Term Facilities,CARE,A 4,2025-11-06,ULTRA HIGH,"INC at BOTH Infomerics AND another agency — maximally dissatisfied, actively needs new rater","This company has stopped cooperating with multiple raters. ACER offers a clean slate — faster turnaround, dedicated analyst, no baggage from prior agency relationship.",Manual — company name analysis,Engineering Works = industrial engineering
Shree Automotive Private Limited,Shree Automotive Pvt. Ltd.,Auto / Manufacturing,82.75862068965517,MEDIUM,IVR BB (INC)(Downgraded),2024-12-13,Long Term Bank Facilities (including proposed facility of Rs. 12.77 crore),CARE,A 4,2026-12-02,ULTRA HIGH,"INC at BOTH Infomerics AND another agency — maximally dissatisfied, actively needs new rater","This company has stopped cooperating with multiple raters. ACER offers a clean slate — faster turnaround, dedicated analyst, no baggage from prior agency relationship.",Manual — company name analysis,Automotive = auto parts or vehicles
Shree Manglam Buildcon (I) Private Limited,Shree Manglam Buildcon (I) Pvt. Ltd.,Construction,87.17948717948718,MEDIUM,IVR BB (INC) (Downgraded),2026-02-10,Long Term Bank Facilities,BRICKWORK,A 4,2026-03-02,ULTRA HIGH,"INC at BOTH Infomerics AND another agency — maximally dissatisfied, actively needs new rater","This company has stopped cooperating with multiple raters. ACER offers a clean slate — faster turnaround, dedicated analyst, no baggage from prior agency relationship.",Manual — company name analysis,Buildcon = construction company
Shree Ram Proteins Limited,Shree Ram Proteins Ltd.,Agro/Food,89.79591836734694,MEDIUM,IVR D (INC)(Reaffirmed),2025-07-08,Long Term Bank Facilities,"BRICKWORK, ICRA",D,2025-01-08,ULTRA HIGH,"INC at BOTH Infomerics AND another agency — maximally dissatisfied, actively needs new rater","This company has stopped cooperating with multiple raters. ACER offers a clean slate — faster turnaround, dedicated analyst, no baggage from prior agency relationship.",Manual — company name analysis,Proteins = food ingredients/oil extraction
Shree Shiddhanath Cotex Private Limited,Shree Shiddhanath Cotex Pvt. Ltd.,Textiles,86.11111111111111,MEDIUM,IVR D (INC) (Reaffirmed),2025-12-26,Long Term Facilities,"BRICKWORK, ICRA",D,,ULTRA HIGH,"INC at BOTH Infomerics AND another agency — maximally dissatisfied, actively needs new rater","This company has stopped cooperating with multiple raters. ACER offers a clean slate — faster turnaround, dedicated analyst, no baggage from prior agency relationship.",Manual — company name analysis,Cotex = cotton/textile
Shri Gautam Shipbreaking Industries Private Limited,Shri Gautam Shipbreaking Inds. Pvt. Ltd.,Manufacturing – Maritime,81.31868131868131,MEDIUM,IVR B/ IVR A4 (INC) (Downgraded)(Reaffirmed),2025-07-22,Long Term/ Short Term Bank Facilities,CARE,BB+/A4+,2025-06-06,ULTRA HIGH,"INC at BOTH Infomerics AND another agency — maximally dissatisfied, actively needs new rater","This company has stopped cooperating with multiple raters. ACER offers a clean slate — faster turnaround, dedicated analyst, no baggage from prior agency relationship.",Manual — company name analysis,Shipbreaking = ship dismantling/recycling
Shri Prabhulingeshwar Sugars and Chemicals Limited,Shri Prabhulingeshwar Sugars & Chemicals Ltd.,Agro/Food,88.42105263157895,MEDIUM,IVR BB- (INC)(Withdrawn),2026-01-29,Long Term Bank Facilities,"ACUITE, CARE",B+,2026-12-03,ULTRA HIGH,"INC at BOTH Infomerics AND another agency — maximally dissatisfied, actively needs new rater","This company has stopped cooperating with multiple raters. ACER offers a clean slate — faster turnaround, dedicated analyst, no baggage from prior agency relationship.",Session 4 — keyword matching,Sector keyword found in company name
Shri Vasudeva Weaving Mills Private Limited,Shri Vasudeva Weaving Mills Pvt. Ltd.,Textiles,87.5,MEDIUM,IVR BB- (INC)(Downgraded),2024-12-18,Long Term Bank Facilities - Term Loan,ACUITE,A 4,2026-12-03,ULTRA HIGH,"INC at BOTH Infomerics AND another agency — maximally dissatisfied, actively needs new rater","This company has stopped cooperating with multiple raters. ACER offers a clean slate — faster turnaround, dedicated analyst, no baggage from prior agency relationship.",Session 4 — keyword matching,Sector keyword found in company name
Shrivallabh Pittie Industries Limited,Shrivallabh Pittie Inds. Ltd.,Healthcare,81.81818181818181,MEDIUM,IVR D (INC)(Reaffirmed),2025-11-04,Long Term Fund based facility - CC/WCDL/SODH,CARE,D,,ULTRA HIGH,"INC at BOTH Infomerics AND another agency — maximally dissatisfied, actively needs new rater","This company has stopped cooperating with multiple raters. ACER offers a clean slate — faster turnaround, dedicated analyst, no baggage from prior agency relationship.",Session 4 — keyword matching,Sector keyword found in company name
Shyam Indofab Private Limited,Shyam Indofab Pvt. Ltd.,Manufacturing – Plastics,80.76923076923077,MEDIUM,IVR D (INC)(Reaffirmed),2025-01-22,Long Term Bank Facilities,IND-RA,D,,ULTRA HIGH,"INC at BOTH Infomerics AND another agency — maximally dissatisfied, actively needs new rater","This company has stopped cooperating with multiple raters. ACER offers a clean slate — faster turnaround, dedicated analyst, no baggage from prior agency relationship.",Manual — company name analysis,Indofab = Indian fabrication/plastics
Siddapur Distilleries Limited,Siddapur Distilleries Ltd.,Agro/Food,90.9090909090909,HIGH,IVR BB- (INC) (Withdrawn),2026-01-29,Long Term Bank Facilities,"ACUITE, BRICKWORK, CARE, IND-RA",A 4,2026-12-03,ULTRA HIGH,"INC at BOTH Infomerics AND another agency — maximally dissatisfied, actively needs new rater","This company has stopped cooperating with multiple raters. ACER offers a clean slate — faster turnaround, dedicated analyst, no baggage from prior agency relationship.",Manual — company name analysis,Distilleries = alcohol/agro-based mfg
Siddhi Weaves Private Limited,Siddhi Weaves Pvt. Ltd.,Textiles,80.76923076923077,MEDIUM,IVR BB (INC)(Downgraded),2025-03-13,Long Term Bank Facilities,"BRICKWORK, IND-RA",BB-,,ULTRA HIGH,"INC at BOTH Infomerics AND another agency — maximally dissatisfied, actively needs new rater","This company has stopped cooperating with multiple raters. ACER offers a clean slate — faster turnaround, dedicated analyst, no baggage from prior agency relationship.",Manual — company name analysis,Weaves = weaving/textile manufacturing
Simplex Infrastructures Limited,Simplex Infrastructures Ltd.,Infrastructure,91.52542372881356,HIGH,IVR D (INC)(Reaffirmed),2025-09-24,Long Term Bank Facilities,CARE,D,,ULTRA HIGH,"INC at BOTH Infomerics AND another agency — maximally dissatisfied, actively needs new rater","This company has stopped cooperating with multiple raters. ACER offers a clean slate — faster turnaround, dedicated analyst, no baggage from prior agency relationship.",Session 4 — keyword matching,Sector keyword found in company name
Sincon Infrastructure Private Limited,Sincon Infrastructure Pvt. Ltd.,Infrastructure,85.29411764705883,MEDIUM,IVR B (INC)(Downgraded),2026-01-23,Long Term Bank Facilities,"CRISIL, IND-RA",B-/A4,,ULTRA HIGH,"INC at BOTH Infomerics AND another agency — maximally dissatisfied, actively needs new rater","This company has stopped cooperating with multiple raters. ACER offers a clean slate — faster turnaround, dedicated analyst, no baggage from prior agency relationship.",Session 4 — keyword matching,Sector keyword found in company name
Sindhu Cargo Services Private Limited,Sindhu Cargo Services Pvt. Ltd.,Logistics,85.29411764705883,MEDIUM,IVR D (INC)(Reaffirmed),2025-07-30,Long Term Bank Facility,"ICRA, IND-RA",D,2025-12-05,ULTRA HIGH,"INC at BOTH Infomerics AND another agency — maximally dissatisfied, actively needs new rater","This company has stopped cooperating with multiple raters. ACER offers a clean slate — faster turnaround, dedicated analyst, no baggage from prior agency relationship.",Session 4 — keyword matching,Sector keyword found in company name
Sir Shadi Lal Enterprises Limited,Sir Shadi Lal Enterprises Ltd.,Agro/Food,92.06349206349206,HIGH,IVR B (INC)(Reaffirmed),2024-12-17,Long Term Bank Facilities,"BRICKWORK, CRISIL",C,2026-11-02,ULTRA HIGH,"INC at BOTH Infomerics AND another agency — maximally dissatisfied, actively needs new rater","This company has stopped cooperating with multiple raters. ACER offers a clean slate — faster turnaround, dedicated analyst, no baggage from prior agency relationship.",Manual — company name analysis,Historical sugar/distillery enterprise
Siva Foods Impex Private Limited,Siva Foods Impex Pvt. Ltd.,Agro/Food,82.75862068965517,MEDIUM,IVR D (INC)(Downgraded),2026-01-12,Long Term Bank Facilities,"ACUITE, CRISIL",B+,2025-04-11,ULTRA HIGH,"INC at BOTH Infomerics AND another agency — maximally dissatisfied, actively needs new rater","This company has stopped cooperating with multiple raters. ACER offers a clean slate — faster turnaround, dedicated analyst, no baggage from prior agency relationship.",Session 4 — keyword matching,Sector keyword found in company name
Sivaguru Spinning Mills Private Limited,Sivaguru Spinning Mills Pvt. Ltd.,Textiles,86.11111111111111,MEDIUM,IVR B (INC)(Downgraded),2025-02-12,Long Term Facilities,IND-RA,B+/A4,2026-12-01,ULTRA HIGH,"INC at BOTH Infomerics AND another agency — maximally dissatisfied, actively needs new rater","This company has stopped cooperating with multiple raters. ACER offers a clean slate — faster turnaround, dedicated analyst, no baggage from prior agency relationship.",Session 4 — keyword matching,Sector keyword found in company name
Sivanssh Infrastructure Development Private Limited,Sivanssh Infrastructure Devp. Pvt. Ltd.,Infrastructure,80.0,MEDIUM,IVR B+ (INC)(Downgraded),2025-10-30,Long Term Bank Facilities,BRICKWORK,A 4,2025-11-06,ULTRA HIGH,"INC at BOTH Infomerics AND another agency — maximally dissatisfied, actively needs new rater","This company has stopped cooperating with multiple raters. ACER offers a clean slate — faster turnaround, dedicated analyst, no baggage from prior agency relationship.",Session 4 — keyword matching,Sector keyword found in company name
Sparsh Hospitals & Critical Care Private Limited,Sparsh Hospitals & Critical Care Pvt. Ltd.,Healthcare,88.88888888888889,MEDIUM,IVR B (INC)(Downgraded),2025-07-03,Long Term Bank Facilities,ACUITE,BB+,,ULTRA HIGH,"INC at BOTH Infomerics AND another agency — maximally dissatisfied, actively needs new rater","This company has stopped cooperating with multiple raters. ACER offers a clean slate — faster turnaround, dedicated analyst, no baggage from prior agency relationship.",Session 4 — keyword matching,Sector keyword found in company name
Spinora Tiles Private Limited,Spinora Tiles Pvt. Ltd.,Manufacturing – Tiles/Stone,80.76923076923077,MEDIUM,IVR C (INC)(Downgraded),2025-05-09,Long Term Bank Facilities,"CARE, CRISIL",A 4,2025-08-05,ULTRA HIGH,"INC at BOTH Infomerics AND another agency — maximally dissatisfied, actively needs new rater","This company has stopped cooperating with multiple raters. ACER offers a clean slate — faster turnaround, dedicated analyst, no baggage from prior agency relationship.",Manual — company name analysis,Tiles = tile/ceramics manufacturing
Sri Anagha Refineries Private Limited,Sri Anagha Refineries Pvt. Ltd.,Chemicals/Pharma,85.29411764705883,MEDIUM,IVR BB+ (INC)(Reaffirmed and Withdrawn),2021-12-20,Long Term Bank Facilities,CARE,A 4,,ULTRA HIGH,"INC at BOTH Infomerics AND another agency — maximally dissatisfied, actively needs new rater","This company has stopped cooperating with multiple raters. ACER offers a clean slate — faster turnaround, dedicated analyst, no baggage from prior agency relationship.",Manual — company name analysis,Refineries = chemical refining
Sri Avantika Contractors (I) Limited,Sri Avantika Contractors (I) Ltd.,Construction,92.7536231884058,HIGH,IVR BBB- (INC)(Reaffirmed),2025-10-31,Long Term Facilities,CRISIL,A 4,,ULTRA HIGH,"INC at BOTH Infomerics AND another agency — maximally dissatisfied, actively needs new rater","This company has stopped cooperating with multiple raters. ACER offers a clean slate — faster turnaround, dedicated analyst, no baggage from prior agency relationship.",Manual — company name analysis,Contractors = construction/EPC
Sri Shyam Fashion India Private Limited,Sri Shyam Fashion India Pvt. Ltd.,Textiles,86.11111111111111,MEDIUM,IVR B+ (INC)(Downgraded),2025-10-17,Long Term Bank Facilities,"ACUITE, BRICKWORK",A 4+,,ULTRA HIGH,"INC at BOTH Infomerics AND another agency — maximally dissatisfied, actively needs new rater","This company has stopped cooperating with multiple raters. ACER offers a clean slate — faster turnaround, dedicated analyst, no baggage from prior agency relationship.",Manual — company name analysis,Fashion India = garment/textile
Sri Vasudeva Textiles Private Limited,Sri Vasudeva Textiles Pvt. Ltd.,Textiles,85.29411764705883,MEDIUM,IVR BB- (INC)(Downgraded),2024-12-18,Long Term Bank Facilities - Term Loan,"BRICKWORK, IND-RA",B/A4,2026-06-03,ULTRA HIGH,"INC at BOTH Infomerics AND another agency — maximally dissatisfied, actively needs new rater","This company has stopped cooperating with multiple raters. ACER offers a clean slate — faster turnaround, dedicated analyst, no baggage from prior agency relationship.",Session 4 — keyword matching,Sector keyword found in company name
Sri Venkatesh Granites Private Limited,Sri Venkatesh Granites Pvt. Ltd.,Manufacturing – Tiles/Stone,85.71428571428572,MEDIUM,IVR BB+ (INC)(Downgraded),2025-09-05,Long Term Bank Facilities,CRISIL,B,,ULTRA HIGH,"INC at BOTH Infomerics AND another agency — maximally dissatisfied, actively needs new rater","This company has stopped cooperating with multiple raters. ACER offers a clean slate — faster turnaround, dedicated analyst, no baggage from prior agency relationship.",Manual — company name analysis,Granites = granite/stone
Srinivas Infrastructure Private Limited,Srinivas Infrastructure Pvt. Ltd.,Infrastructure,86.11111111111111,MEDIUM,IVR B (INC)(Downgraded),2026-01-16,Long Term Fund based facilities â€“ Cash Credit,IND-RA,B/A4,,ULTRA HIGH,"INC at BOTH Infomerics AND another agency — maximally dissatisfied, actively needs new rater","This company has stopped cooperating with multiple raters. ACER offers a clean slate — faster turnaround, dedicated analyst, no baggage from prior agency relationship.",Session 4 — keyword matching,Sector keyword found in company name
Stark Ridge Paper Private Limited,Stark Ridge Paper Pvt. Ltd.,Manufacturing – Paper,83.33333333333334,MEDIUM,IVR B (INC)(Downgraded),2025-06-25,Long Term Bank Facilities,CRISIL,A 4,,ULTRA HIGH,"INC at BOTH Infomerics AND another agency — maximally dissatisfied, actively needs new rater","This company has stopped cooperating with multiple raters. ACER offers a clean slate — faster turnaround, dedicated analyst, no baggage from prior agency relationship.",Manual — company name analysis,Paper = paper manufacturing
Supermax Personal Care Private Limited,Supermax Personal Care Pvt. Ltd.,FMCG / Consumer,85.71428571428572,MEDIUM,IVR D (INC)(Downgraded),2025-01-29,Long Term Facilities,BRICKWORK,D,2025-08-05,ULTRA HIGH,"INC at BOTH Infomerics AND another agency — maximally dissatisfied, actively needs new rater","This company has stopped cooperating with multiple raters. ACER offers a clean slate — faster turnaround, dedicated analyst, no baggage from prior agency relationship.",Manual — company name analysis,Personal Care = FMCG/consumer goods
Sustainable Agro-Commercial Finance Limited,Sustainable Agro-Commercial Finance Ltd.,BFSI,93.97590361445783,HIGH,IVR D (INC)(Reaffirmed),2025-10-09,Long Term Bank Facilities,CARE,D,2025-06-08,ULTRA HIGH,"INC at BOTH Infomerics AND another agency — maximally dissatisfied, actively needs new rater","This company has stopped cooperating with multiple raters. ACER offers a clean slate — faster turnaround, dedicated analyst, no baggage from prior agency relationship.",Session 4 — keyword matching,Sector keyword found in company name
Swastik Pipe Limited,Swastik Pipe Ltd.,Steel & Metals,86.48648648648648,MEDIUM,IVR D (INC)(Downgraded),2026-01-20,Long Term Bank Facilities â€“ Term Loan,IND-RA,B+,,ULTRA HIGH,"INC at BOTH Infomerics AND another agency — maximally dissatisfied, actively needs new rater","This company has stopped cooperating with multiple raters. ACER offers a clean slate — faster turnaround, dedicated analyst, no baggage from prior agency relationship.",Session 4 — keyword matching,Sector keyword found in company name
Swiss Garnier Genexiaa Sciences Private Limited,Swiss Garnier Genexiaa Sciences Pvt. Ltd.,Chemicals/Pharma,88.63636363636364,MEDIUM,IVR C- (INC)(Downgraded),2025-09-19,Long Term Fund Based Bank Facilities - Term Loan,CARE,A 4,,ULTRA HIGH,"INC at BOTH Infomerics AND another agency — maximally dissatisfied, actively needs new rater","This company has stopped cooperating with multiple raters. ACER offers a clean slate — faster turnaround, dedicated analyst, no baggage from prior agency relationship.",Manual — company name analysis,Sciences = pharma/biotech
T. K. Engineering Consortium Private Limited,T K Engineering Consortium Pvt. Ltd.,Construction,85.0,MEDIUM,IVR D (INC) (Reaffirmed),2026-01-19,Long Term Bank Facilities,BRICKWORK,D,,ULTRA HIGH,"INC at BOTH Infomerics AND another agency — maximally dissatisfied, actively needs new rater","This company has stopped cooperating with multiple raters. ACER offers a clean slate — faster turnaround, dedicated analyst, no baggage from prior agency relationship.",Manual — company name analysis,Engineering Consortium = EPC/infrastructure
Tirupati Conductors Private Limited,Tirupati Conductors Pvt. Ltd.,Manufacturing – Electrical,84.375,MEDIUM,IVR B- (INC)(Downgraded),2026-01-15,Long Term Bank Facilities,BRICKWORK,A 4,,ULTRA HIGH,"INC at BOTH Infomerics AND another agency — maximally dissatisfied, actively needs new rater","This company has stopped cooperating with multiple raters. ACER offers a clean slate — faster turnaround, dedicated analyst, no baggage from prior agency relationship.",Manual — company name analysis,Conductors = electrical conductors/cables
Ultracab (India) Limited,Ultracab (India) Ltd.,Manufacturing – Electrical,88.88888888888889,MEDIUM,IVR BB+ (INC)(Downgraded),2025-12-08,Long Term Bank Facilities,CRISIL,A 4,,ULTRA HIGH,"INC at BOTH Infomerics AND another agency — maximally dissatisfied, actively needs new rater","This company has stopped cooperating with multiple raters. ACER offers a clean slate — faster turnaround, dedicated analyst, no baggage from prior agency relationship.",Manual — company name analysis,Cab = cable manufacturing
Unistar Oils Private Limited,Unistar Oils Pvt. Ltd.,Agro/Food,80.0,MEDIUM,IVR D (INC)(Reaffirrmed),2026-01-08,Long Term Bank Facilities,BRICKWORK,D,,ULTRA HIGH,"INC at BOTH Infomerics AND another agency — maximally dissatisfied, actively needs new rater","This company has stopped cooperating with multiple raters. ACER offers a clean slate — faster turnaround, dedicated analyst, no baggage from prior agency relationship.",Manual — company name analysis,Oils = edible oil/chemical processing
United Ciigma Institute of Medical Sciences Private Limited,United Ciigma Institute Of Medical Sciences Pvt. Ltd.,Healthcare,85.71428571428572,MEDIUM,IVR BB- (INC)(Downgraded),2025-02-21,Long Term Facilities,BRICKWORK,BB-,,ULTRA HIGH,"INC at BOTH Infomerics AND another agency — maximally dissatisfied, actively needs new rater","This company has stopped cooperating with multiple raters. ACER offers a clean slate — faster turnaround, dedicated analyst, no baggage from prior agency relationship.",Session 4 — keyword matching,Sector keyword found in company name
Universal Infra & Agri Oils Private Limited,Universal Infra & Agri Oils Pvt. Ltd.,Infrastructure,87.5,MEDIUM,IVR B+ (INC)(Downgraded),2025-11-10,Long Term Bank Facilities,CARE,B+,,ULTRA HIGH,"INC at BOTH Infomerics AND another agency — maximally dissatisfied, actively needs new rater","This company has stopped cooperating with multiple raters. ACER offers a clean slate — faster turnaround, dedicated analyst, no baggage from prior agency relationship.",Session 4 — keyword matching,Sector keyword found in company name
Utkal Healthcare Private Limited,Utkal Healthcare Pvt. Ltd.,Healthcare,82.75862068965517,MEDIUM,IVR BB (INC)(Downgraded),2025-09-19,Long Term Bank Facilities,"CRISIL, IND-RA",BBB,2025-08-10,ULTRA HIGH,"INC at BOTH Infomerics AND another agency — maximally dissatisfied, actively needs new rater","This company has stopped cooperating with multiple raters. ACER offers a clean slate — faster turnaround, dedicated analyst, no baggage from prior agency relationship.",Session 4 — keyword matching,Sector keyword found in company name
Uttranchal Ispat Private Limited,Uttranchal Ispat Pvt. Ltd.,Steel & Metals,82.75862068965517,MEDIUM,IVR B (INC)(Downgraded),2025-09-23,Long Term Bank Facility,CRISIL,B,,ULTRA HIGH,"INC at BOTH Infomerics AND another agency — maximally dissatisfied, actively needs new rater","This company has stopped cooperating with multiple raters. ACER offers a clean slate — faster turnaround, dedicated analyst, no baggage from prior agency relationship.",Manual — company name analysis,Ispat = steel/iron/metals
Value Added Fashion Fabrics Private Limited,Value Added Fashion Fabrics Pvt. Ltd.,Textiles,87.5,MEDIUM,IVR BB- (INC)(Downgraded),2026-02-03,Long Term Facilities,BRICKWORK,B+,2025-04-07,ULTRA HIGH,"INC at BOTH Infomerics AND another agency — maximally dissatisfied, actively needs new rater","This company has stopped cooperating with multiple raters. ACER offers a clean slate — faster turnaround, dedicated analyst, no baggage from prior agency relationship.",Session 4 — keyword matching,Sector keyword found in company name
Vikrma Impex Private Limited,Vikrma Impex Pvt. Ltd.,Trading / Import-Export,80.0,MEDIUM,IVR BB- (INC)(Downgraded),2025-07-15,Long Term Bank Facilities,"ACUITE, CRISIL",A 4,,ULTRA HIGH,"INC at BOTH Infomerics AND another agency — maximally dissatisfied, actively needs new rater","This company has stopped cooperating with multiple raters. ACER offers a clean slate — faster turnaround, dedicated analyst, no baggage from prior agency relationship.",Manual — company name analysis,Impex = import-export trading
Vimla Fuels & Metals Limited,Vimla Fuels & Metals Ltd.,Steel & Metals,90.56603773584906,HIGH,IVR D (INC),2026-02-10,Long Term Bank Facilities,ACUITE,D,,ULTRA HIGH,"INC at BOTH Infomerics AND another agency — maximally dissatisfied, actively needs new rater","This company has stopped cooperating with multiple raters. ACER offers a clean slate — faster turnaround, dedicated analyst, no baggage from prior agency relationship.",Session 4 — keyword matching,Sector keyword found in company name
Vinayak Support Services Private Limited,Vinayak Support Services Pvt. Ltd.,Infrastructure,86.48648648648648,MEDIUM,IVR B+ (INC)(Downgraded),2026-01-07,Long Term Bank Facility,ACUITE,BB,,ULTRA HIGH,"INC at BOTH Infomerics AND another agency — maximally dissatisfied, actively needs new rater","This company has stopped cooperating with multiple raters. ACER offers a clean slate — faster turnaround, dedicated analyst, no baggage from prior agency relationship.",Session 4 — keyword matching,Sector keyword found in company name
Vishal Papertech India Limited,Vishal Papertech (India) Ltd.,Manufacturing – Paper,88.13559322033898,MEDIUM,IVR C (INC)(Downgraded),2025-10-03,Long Term Bank Facilities,"BRICKWORK, CRISIL",A 4,,ULTRA HIGH,"INC at BOTH Infomerics AND another agency — maximally dissatisfied, actively needs new rater","This company has stopped cooperating with multiple raters. ACER offers a clean slate — faster turnaround, dedicated analyst, no baggage from prior agency relationship.",Manual — company name analysis,Papertech = paper technology/manufacturing
Wadhwa Construction & Infrastructure Private Limited (WCIPL),Wadhwa Construction & Infrastructure Pvt. Ltd.,Infrastructure,83.01886792452831,MEDIUM,IVR BB+ (INC)(Downgraded),2025-05-21,Long Term Fund Based Bank Facilities,BRICKWORK,BB-,,ULTRA HIGH,"INC at BOTH Infomerics AND another agency — maximally dissatisfied, actively needs new rater","This company has stopped cooperating with multiple raters. ACER offers a clean slate — faster turnaround, dedicated analyst, no baggage from prior agency relationship.",Session 4 — keyword matching,Sector keyword found in company name
Wave Beverages Private Limited,Wave Beverages Pvt. Ltd.,Agro/Food,81.4814814814815,MEDIUM,IVR BB- (INC)(Downgraded),2026-02-09,Long Term Bank Facilities,"ICRA, IND-RA",B+,2025-06-11,ULTRA HIGH,"INC at BOTH Infomerics AND another agency — maximally dissatisfied, actively needs new rater","This company has stopped cooperating with multiple raters. ACER offers a clean slate — faster turnaround, dedicated analyst, no baggage from prior agency relationship.",Session 4 — keyword matching,Sector keyword found in company name
Youngman Woollen Mills Private Limited,Youngman Woollen Mills Pvt. Ltd.,Textiles,85.71428571428572,MEDIUM,IVR BB (INC) (Downgraded),2025-11-10,Long Term Bank Facilities,"BRICKWORK, CRISIL",B,2025-10-07,ULTRA HIGH,"INC at BOTH Infomerics AND another agency — maximally dissatisfied, actively needs new rater","This company has stopped cooperating with multiple raters. ACER offers a clean slate — faster turnaround, dedicated analyst, no baggage from prior agency relationship.",Manual — company name analysis,Woollen Mills = woollen textile manufacturing
