Company_Infomerics,Company_d365,Match_Score,Match_Quality,Infomerics_Rating,Infomerics_Last_Date,Infomerics_Instrument,d365_Agency,d365_Rating,d365_Last_Date,Both_INC,Urgency,Why_Target,ACER_Pitch,Priority_Score
4S Spintex India Private Limited,4S Spintex India Pvt. Ltd.,82.75862068965517,MEDIUM,IVR B- (INC)(Reaffirmed),2025-05-23,Long Term Bank Facilities,"CARE, IND-RA",B-,2025-07-05,YES,ULTRA HIGH,"INC at BOTH Infomerics AND another agency — maximally dissatisfied, actively needs new rater","This company has stopped cooperating with multiple raters. ACER offers a clean slate — faster turnaround, dedicated analyst, no baggage from prior agency relationship.",100
Adwalpalkar Construction and Resort Private Limited,Adwalpalkar Constructions & Resorts Pvt. Ltd.,81.25,MEDIUM,IVR BB- (INC)(Downgraded),2025-04-15,Long Term Bank Facilities,ACUITE,A 4,,YES,ULTRA HIGH,"INC at BOTH Infomerics AND another agency — maximally dissatisfied, actively needs new rater","This company has stopped cooperating with multiple raters. ACER offers a clean slate — faster turnaround, dedicated analyst, no baggage from prior agency relationship.",100
Agrawal Global Infratech Private Limited,Agrawal Global Infratech Pvt. Ltd.,86.48648648648648,MEDIUM,IVR BB+ (INC)(Reaffirmed and Withdrawn),2022-04-18,Long Term Bank Facilities,"ACUITE, CRISIL",A 4+,,YES,ULTRA HIGH,"INC at BOTH Infomerics AND another agency — maximally dissatisfied, actively needs new rater","This company has stopped cooperating with multiple raters. ACER offers a clean slate — faster turnaround, dedicated analyst, no baggage from prior agency relationship.",100
Ajanta Spintex Private Limited,Ajanta Spintex Pvt. Ltd.,81.4814814814815,MEDIUM,IVR B (INC)(Reaffirmed and Withdrawn),2022-12-20,Long Term Bank Facilities,"ACUITE, CARE, CRISIL",B,2026-12-01,YES,ULTRA HIGH,"INC at BOTH Infomerics AND another agency — maximally dissatisfied, actively needs new rater","This company has stopped cooperating with multiple raters. ACER offers a clean slate — faster turnaround, dedicated analyst, no baggage from prior agency relationship.",100
Alok Buildtech Private Limited,Alok Buildtech Pvt. Ltd.,81.4814814814815,MEDIUM,IVR B+ (INC)(Downgraded),2025-05-06,Long Term Bank Facilities,"ACUITE, CRISIL",A 4,2026-06-01,YES,ULTRA HIGH,"INC at BOTH Infomerics AND another agency — maximally dissatisfied, actively needs new rater","This company has stopped cooperating with multiple raters. ACER offers a clean slate — faster turnaround, dedicated analyst, no baggage from prior agency relationship.",100
Amarpali Cylinders Private Limited,Amarpali Cylinders Pvt. Ltd.,83.87096774193549,MEDIUM,IVR B- (INC)(Downgraded),2025-10-22,Long Term Bank Facilities,"CARE, CRISIL",A 4,2026-12-01,YES,ULTRA HIGH,"INC at BOTH Infomerics AND another agency — maximally dissatisfied, actively needs new rater","This company has stopped cooperating with multiple raters. ACER offers a clean slate — faster turnaround, dedicated analyst, no baggage from prior agency relationship.",100
Anadrone Systems Private Limited,Anadrone Systems Pvt. Ltd.,82.75862068965517,MEDIUM,IVR BB+ (INC)(Downgraded),2025-03-19,Long Term Bank Facilities,IND-RA,B-/A4,2025-11-09,YES,ULTRA HIGH,"INC at BOTH Infomerics AND another agency — maximally dissatisfied, actively needs new rater","This company has stopped cooperating with multiple raters. ACER offers a clean slate — faster turnaround, dedicated analyst, no baggage from prior agency relationship.",100
Anil Trading India Private Limited,Anil Trading India Pvt. Ltd.,83.87096774193549,MEDIUM,IVR B+ (INC) (Downgraded),2026-01-21,Long Term Bank Facilities,BRICKWORK,A 4,2025-11-11,YES,ULTRA HIGH,"INC at BOTH Infomerics AND another agency — maximally dissatisfied, actively needs new rater","This company has stopped cooperating with multiple raters. ACER offers a clean slate — faster turnaround, dedicated analyst, no baggage from prior agency relationship.",100
Arya Steels Rolling (India) Private Limited,Arya Steels Rolling (India) Pvt. Ltd.,87.5,MEDIUM,IVR BB+ (INC)(Downgraded),2025-11-10,Long Term Bank Facilities,"BRICKWORK, CARE, CRISIL",A 4,2026-10-04,YES,ULTRA HIGH,"INC at BOTH Infomerics AND another agency — maximally dissatisfied, actively needs new rater","This company has stopped cooperating with multiple raters. ACER offers a clean slate — faster turnaround, dedicated analyst, no baggage from prior agency relationship.",100
Astron Paper & Board Mill Limited,Astron Paper & Board Mill Ltd.,92.06349206349206,HIGH,IVR D (INC) (Reaffirmed),2026-01-14,Long Term Facilities,CARE,D,,YES,ULTRA HIGH,"INC at BOTH Infomerics AND another agency — maximally dissatisfied, actively needs new rater","This company has stopped cooperating with multiple raters. ACER offers a clean slate — faster turnaround, dedicated analyst, no baggage from prior agency relationship.",100
Auro Impex & Chemicals Limited,Auro Impex & Chemicals Ltd.,91.22807017543859,HIGH,IVR BB- (INC)(Downgraded),2025-06-12,Long Term Bank Facilities,CARE,A 4,,YES,ULTRA HIGH,"INC at BOTH Infomerics AND another agency — maximally dissatisfied, actively needs new rater","This company has stopped cooperating with multiple raters. ACER offers a clean slate — faster turnaround, dedicated analyst, no baggage from prior agency relationship.",100
Aventura Components Private Limited,Aventura Components Pvt. Ltd.,84.375,MEDIUM,IVR D (INC)(Reaffirmed),2025-10-23,Long Term Bank Facilities,BRICKWORK,D,2025-07-08,YES,ULTRA HIGH,"INC at BOTH Infomerics AND another agency — maximally dissatisfied, actively needs new rater","This company has stopped cooperating with multiple raters. ACER offers a clean slate — faster turnaround, dedicated analyst, no baggage from prior agency relationship.",100
Balaji Dayalpura Infra Private Limited,Balaji Dayalpura Infra Pvt. Ltd.,85.71428571428572,MEDIUM,IVR BB+ (INC)(Downgraded),2025-01-06,Long Term Bank Facilities,CRISIL,A 4,,YES,ULTRA HIGH,"INC at BOTH Infomerics AND another agency — maximally dissatisfied, actively needs new rater","This company has stopped cooperating with multiple raters. ACER offers a clean slate — faster turnaround, dedicated analyst, no baggage from prior agency relationship.",100
Bemco Sleepers Limited,Bemco Sleepers Ltd.,87.8048780487805,MEDIUM,IVR C+ (INC)(Downgraded),2025-03-31,Long Term Bank Facility,"BRICKWORK, IND-RA",A 4,,YES,ULTRA HIGH,"INC at BOTH Infomerics AND another agency — maximally dissatisfied, actively needs new rater","This company has stopped cooperating with multiple raters. ACER offers a clean slate — faster turnaround, dedicated analyst, no baggage from prior agency relationship.",100
Bharath Hi-Tecch Builders Private Limited,Bharath Hi-Tech Builders Pvt. Ltd.,85.33333333333333,MEDIUM,IVR BB- (INC)(Downgraded),2025-11-14,Long Term Bank Facilities,CRISIL,B,2025-12-09,YES,ULTRA HIGH,"INC at BOTH Infomerics AND another agency — maximally dissatisfied, actively needs new rater","This company has stopped cooperating with multiple raters. ACER offers a clean slate — faster turnaround, dedicated analyst, no baggage from prior agency relationship.",100
Bhavani Shipping Services (India) Private Limited,Bhavani Shipping Services (India) Pvt. Ltd.,89.13043478260869,MEDIUM,IVR B (INC) (Downgraded),2026-02-03,Long Term Bank Facility,CRISIL,B,,YES,ULTRA HIGH,"INC at BOTH Infomerics AND another agency — maximally dissatisfied, actively needs new rater","This company has stopped cooperating with multiple raters. ACER offers a clean slate — faster turnaround, dedicated analyst, no baggage from prior agency relationship.",100
Celebrity Breweries Private Limited,Celebrity Breweries Pvt. Ltd.,84.375,MEDIUM,IVR BB- (INC)(Downgraded),2025-07-29,Long Term Bank Facilities,CRISIL,B,2026-12-01,YES,ULTRA HIGH,"INC at BOTH Infomerics AND another agency — maximally dissatisfied, actively needs new rater","This company has stopped cooperating with multiple raters. ACER offers a clean slate — faster turnaround, dedicated analyst, no baggage from prior agency relationship.",100
Cerebra Integrated Technologies Limited,Cerebra Integrated Technologies Ltd.,93.33333333333333,HIGH,IVR D (INC)(Reaffirmed),2026-01-23,Long Term Bank Facilities,CRISIL,D,,YES,ULTRA HIGH,"INC at BOTH Infomerics AND another agency — maximally dissatisfied, actively needs new rater","This company has stopped cooperating with multiple raters. ACER offers a clean slate — faster turnaround, dedicated analyst, no baggage from prior agency relationship.",100
Chintpurni Steel Private Limited,Chintpurni Steels Pvt. Ltd.,81.35593220338984,MEDIUM,IVR BB (INC)(Downgraded),2025-10-17,Long Term Bank Facilities,"BRICKWORK, CARE",B-/A4,2025-05-12,YES,ULTRA HIGH,"INC at BOTH Infomerics AND another agency — maximally dissatisfied, actively needs new rater","This company has stopped cooperating with multiple raters. ACER offers a clean slate — faster turnaround, dedicated analyst, no baggage from prior agency relationship.",100
Chrysalis Trading Private Limited,Chrysalis Trading Pvt. Ltd.,83.33333333333334,MEDIUM,IVR D (INC),2025-12-12,Long Term Facility - Fund Based - Cash Credit,BRICKWORK,D,,YES,ULTRA HIGH,"INC at BOTH Infomerics AND another agency — maximally dissatisfied, actively needs new rater","This company has stopped cooperating with multiple raters. ACER offers a clean slate — faster turnaround, dedicated analyst, no baggage from prior agency relationship.",100
Clean Coal Enterprises Private Limited,Clean Coal Enterprises Pvt. Ltd.,85.71428571428572,MEDIUM,IVR BB- (INC)(Reaffirmed & Withdrawn),2023-05-02,Long Term Bank Facilities,"ACUITE, IND-RA",A 4+,2026-06-03,YES,ULTRA HIGH,"INC at BOTH Infomerics AND another agency — maximally dissatisfied, actively needs new rater","This company has stopped cooperating with multiple raters. ACER offers a clean slate — faster turnaround, dedicated analyst, no baggage from prior agency relationship.",100
Compuage Infocom Limited,Compuage Infocom Ltd.,88.88888888888889,MEDIUM,IVR D (INC) (Reaffirmed),2025-10-27,Long Term Bank Facilities,CARE,D,2025-03-11,YES,ULTRA HIGH,"INC at BOTH Infomerics AND another agency — maximally dissatisfied, actively needs new rater","This company has stopped cooperating with multiple raters. ACER offers a clean slate — faster turnaround, dedicated analyst, no baggage from prior agency relationship.",100
Cruso Granito Private Limited,Cruso Granito Pvt. Ltd.,80.76923076923077,MEDIUM,IVR C+ (INC) (Downgraded),2026-01-29,Long Term Bank Facilities,CARE,A 4,,YES,ULTRA HIGH,"INC at BOTH Infomerics AND another agency — maximally dissatisfied, actively needs new rater","This company has stopped cooperating with multiple raters. ACER offers a clean slate — faster turnaround, dedicated analyst, no baggage from prior agency relationship.",100
Data Ingenious Global Limited,Data Ingenious Global Ltd.,90.9090909090909,HIGH,IVR B+ (INC)(Downgraded),2026-02-10,Long Term Bank Facilities,ACUITE,A 4+,,YES,ULTRA HIGH,"INC at BOTH Infomerics AND another agency — maximally dissatisfied, actively needs new rater","This company has stopped cooperating with multiple raters. ACER offers a clean slate — faster turnaround, dedicated analyst, no baggage from prior agency relationship.",100
Davinder Sandhu Impex Private Limited,Davinder Sandhu Impex Pvt. Ltd.,85.29411764705883,MEDIUM,IVR BB (INC)(Downgraded),2025-05-22,Long Term Bank Facilities,CARE,BB-,,YES,ULTRA HIGH,"INC at BOTH Infomerics AND another agency — maximally dissatisfied, actively needs new rater","This company has stopped cooperating with multiple raters. ACER offers a clean slate — faster turnaround, dedicated analyst, no baggage from prior agency relationship.",100
Deccan Ferro Alloys Private Limited,Deccan Ferro Alloys Pvt. Ltd.,84.375,MEDIUM,IVR BB+ (INC)(Reaffirmed and Withdrawn),2022-01-08,Long Term Fund Based Facility,ACUITE,A 4+,2025-06-06,YES,ULTRA HIGH,"INC at BOTH Infomerics AND another agency — maximally dissatisfied, actively needs new rater","This company has stopped cooperating with multiple raters. ACER offers a clean slate — faster turnaround, dedicated analyst, no baggage from prior agency relationship.",100
Eagle Steels Rolling Mills Private Limited,Eagle Steels Rolling Mills Pvt. Ltd.,87.17948717948718,MEDIUM,IVR D (INC)(Reaffirmed),2026-01-28,Long Term Bank Facilities,"BRICKWORK, CARE",D,2025-08-12,YES,ULTRA HIGH,"INC at BOTH Infomerics AND another agency — maximally dissatisfied, actively needs new rater","This company has stopped cooperating with multiple raters. ACER offers a clean slate — faster turnaround, dedicated analyst, no baggage from prior agency relationship.",100
Earth Water Limited,Earth Water Ltd.,85.71428571428572,MEDIUM,IVR D (INC)(Reaffirmed),2025-10-23,Long Term Bank Facilities,BRICKWORK,D,2025-07-11,YES,ULTRA HIGH,"INC at BOTH Infomerics AND another agency — maximally dissatisfied, actively needs new rater","This company has stopped cooperating with multiple raters. ACER offers a clean slate — faster turnaround, dedicated analyst, no baggage from prior agency relationship.",100
Enn Enn Corp Limited,Enn Enn Corp Ltd.,86.48648648648648,MEDIUM,IVR BB+ (INC)(Downgraded),2025-09-01,Long Term Bank Facilities,IND-RA,B+,,YES,ULTRA HIGH,"INC at BOTH Infomerics AND another agency — maximally dissatisfied, actively needs new rater","This company has stopped cooperating with multiple raters. ACER offers a clean slate — faster turnaround, dedicated analyst, no baggage from prior agency relationship.",100
Esspal International Private Limited,Esspal International Pvt. Ltd.,84.84848484848484,MEDIUM,IVR BB (INC)(Downgraded),2025-09-30,Long Term Bank Facility,ACUITE,A 4+,2026-02-01,YES,ULTRA HIGH,"INC at BOTH Infomerics AND another agency — maximally dissatisfied, actively needs new rater","This company has stopped cooperating with multiple raters. ACER offers a clean slate — faster turnaround, dedicated analyst, no baggage from prior agency relationship.",100
Everrenew Energy Private Limited,Everrenew Energy Pvt. Ltd.,82.75862068965517,MEDIUM,IVR BB+ (INC)(Downgraded),2025-05-26,Long Term Bank Facilities,IND-RA,A 3,,YES,ULTRA HIGH,"INC at BOTH Infomerics AND another agency — maximally dissatisfied, actively needs new rater","This company has stopped cooperating with multiple raters. ACER offers a clean slate — faster turnaround, dedicated analyst, no baggage from prior agency relationship.",100
Farm India Impex Private Limited,Farm India Impex Pvt. Ltd.,82.75862068965517,MEDIUM,IVR B+ (INC)(Downgraded),2025-05-19,Long Term Bank Facilities,ICRA,A 4+,2026-08-01,YES,ULTRA HIGH,"INC at BOTH Infomerics AND another agency — maximally dissatisfied, actively needs new rater","This company has stopped cooperating with multiple raters. ACER offers a clean slate — faster turnaround, dedicated analyst, no baggage from prior agency relationship.",100
Fastbuild Blocks Private Limited,Fastbuild Blocks Pvt. Ltd.,82.75862068965517,MEDIUM,IVR C+ (INC)(Downgraded),2026-02-02,Long Term Bank Facilities,"CRISIL, IND-RA",B-,,YES,ULTRA HIGH,"INC at BOTH Infomerics AND another agency — maximally dissatisfied, actively needs new rater","This company has stopped cooperating with multiple raters. ACER offers a clean slate — faster turnaround, dedicated analyst, no baggage from prior agency relationship.",100
Frontier Knitters Private Limited,Frontier Knitters Pvt. Ltd.,83.33333333333334,MEDIUM,IVR B (INC)(Downgraded),2025-04-01,Long Term Bank Facilities,"CRISIL, IND-RA",B,2025-06-10,YES,ULTRA HIGH,"INC at BOTH Infomerics AND another agency — maximally dissatisfied, actively needs new rater","This company has stopped cooperating with multiple raters. ACER offers a clean slate — faster turnaround, dedicated analyst, no baggage from prior agency relationship.",100
Future Enterprises Limited,Future Enterprises Ltd.,89.79591836734694,MEDIUM,IVR D (INC)(Reaffirmed),2025-02-24,Short Term Facilities,"ACUITE, CARE",D,,YES,ULTRA HIGH,"INC at BOTH Infomerics AND another agency — maximally dissatisfied, actively needs new rater","This company has stopped cooperating with multiple raters. ACER offers a clean slate — faster turnaround, dedicated analyst, no baggage from prior agency relationship.",100
Gem Sugars Limited,Gem Sugars Ltd.,84.84848484848484,MEDIUM,IVR B (INC)(Downgraded),2025-09-22,Long Term Bank Facilities,BRICKWORK,A 4,2026-03-03,YES,ULTRA HIGH,"INC at BOTH Infomerics AND another agency — maximally dissatisfied, actively needs new rater","This company has stopped cooperating with multiple raters. ACER offers a clean slate — faster turnaround, dedicated analyst, no baggage from prior agency relationship.",100
Global Powersource (India) Private Limited,Global Powersource (India) Pvt. Ltd.,87.17948717948718,MEDIUM,IVR D (INC)(Reaffirmed),2026-02-10,Long Term Bank Facility,"BRICKWORK, IND-RA",D,2025-08-05,YES,ULTRA HIGH,"INC at BOTH Infomerics AND another agency — maximally dissatisfied, actively needs new rater","This company has stopped cooperating with multiple raters. ACER offers a clean slate — faster turnaround, dedicated analyst, no baggage from prior agency relationship.",100
Glowmore Finance Private Limited,Glowmore Finance Pvt. Ltd.,82.75862068965517,MEDIUM,IVR B- (INC)(Downgraded),2025-04-30,Proposed Long-term Bank Facilities,IND-RA,B+,2025-10-11,YES,ULTRA HIGH,"INC at BOTH Infomerics AND another agency — maximally dissatisfied, actively needs new rater","This company has stopped cooperating with multiple raters. ACER offers a clean slate — faster turnaround, dedicated analyst, no baggage from prior agency relationship.",100
Goodwill Advance Construction Company Private Limited,Goodwill Advance Construction Co. Pvt. Ltd.,83.33333333333334,MEDIUM,IVR BB+ (INC)(Downgraded),2025-12-02,Long Term Bank Facilities,"CARE, ICRA",A 4,,YES,ULTRA HIGH,"INC at BOTH Infomerics AND another agency — maximally dissatisfied, actively needs new rater","This company has stopped cooperating with multiple raters. ACER offers a clean slate — faster turnaround, dedicated analyst, no baggage from prior agency relationship.",100
Grospinz Fabz Limited,Grospinz Fabz Ltd.,87.17948717948718,MEDIUM,IVR BBB- (INC) (Downgraded),2025-11-28,Long Term Bank Facilities,ACUITE,A 4,,YES,ULTRA HIGH,"INC at BOTH Infomerics AND another agency — maximally dissatisfied, actively needs new rater","This company has stopped cooperating with multiple raters. ACER offers a clean slate — faster turnaround, dedicated analyst, no baggage from prior agency relationship.",100
Gulzar Motors Private Limited,Gulzar Motors Pvt. Ltd.,80.76923076923077,MEDIUM,IVR BB (INC)(Downgraded),2025-05-16,Long Term Bank Facilities,"BRICKWORK, CRISIL",A 4,2025-10-09,YES,ULTRA HIGH,"INC at BOTH Infomerics AND another agency — maximally dissatisfied, actively needs new rater","This company has stopped cooperating with multiple raters. ACER offers a clean slate — faster turnaround, dedicated analyst, no baggage from prior agency relationship.",100
Gupta Power Infrastructure Limited,Gupta Power Infrastructure Ltd.,92.3076923076923,HIGH,IVR D (INC) (Reaffirmed),2026-01-14,Long Term Bank Facilities,CRISIL,D,,YES,ULTRA HIGH,"INC at BOTH Infomerics AND another agency — maximally dissatisfied, actively needs new rater","This company has stopped cooperating with multiple raters. ACER offers a clean slate — faster turnaround, dedicated analyst, no baggage from prior agency relationship.",100
Hartek Power Private Limited,Hartek Power Pvt. Ltd.,80.0,MEDIUM,IVR BB+ (INC)(Withdrawn),2026-01-13,Long Term Facilities,BRICKWORK,A 4,2026-10-03,YES,ULTRA HIGH,"INC at BOTH Infomerics AND another agency — maximally dissatisfied, actively needs new rater","This company has stopped cooperating with multiple raters. ACER offers a clean slate — faster turnaround, dedicated analyst, no baggage from prior agency relationship.",100
Hind Energy Coal and Benefication (India) Limited,Hind Energy & Coal Benefication (India) Ltd.,88.17204301075269,MEDIUM,IVR BB+ (INC)(Reaffirmed and Withdrawn),2023-06-02,Long Term Bank Facilities,"ACUITE, IND-RA",A 4,,YES,ULTRA HIGH,"INC at BOTH Infomerics AND another agency — maximally dissatisfied, actively needs new rater","This company has stopped cooperating with multiple raters. ACER offers a clean slate — faster turnaround, dedicated analyst, no baggage from prior agency relationship.",100
Imperial Granites Pvt Ltd,Imperial Granites Pvt. Ltd.,96.15384615384616,HIGH,IVR BB (INC)(Reaffirmed & Withdrawn),2021-10-21,Long Term Bank Facilities,CRISIL,A 4,,YES,ULTRA HIGH,"INC at BOTH Infomerics AND another agency — maximally dissatisfied, actively needs new rater","This company has stopped cooperating with multiple raters. ACER offers a clean slate — faster turnaround, dedicated analyst, no baggage from prior agency relationship.",100
Independent Resources India Private Limited,Independent Resources India Pvt. Ltd.,87.5,MEDIUM,IVR B+ (INC)(Downgraded),2025-05-30,Long Term Bank Facilities,CRISIL,B,,YES,ULTRA HIGH,"INC at BOTH Infomerics AND another agency — maximally dissatisfied, actively needs new rater","This company has stopped cooperating with multiple raters. ACER offers a clean slate — faster turnaround, dedicated analyst, no baggage from prior agency relationship.",100
Inderjit Mehta Constructions Private Limited,Inderjit Mehta Constructions Pvt. Ltd.,87.8048780487805,MEDIUM,IVR BB (INC) (Downgraded),2026-01-22,Long Term Bank Facilities,BRICKWORK,A 4,,YES,ULTRA HIGH,"INC at BOTH Infomerics AND another agency — maximally dissatisfied, actively needs new rater","This company has stopped cooperating with multiple raters. ACER offers a clean slate — faster turnaround, dedicated analyst, no baggage from prior agency relationship.",100
India Mega Agro Anaj Limited,India Mega Agro-Anaj Ltd.,86.79245283018868,MEDIUM,IVR D (INC) (Reaffirmed),2025-12-01,Long Term Bank Facilities,CRISIL,D,,YES,ULTRA HIGH,"INC at BOTH Infomerics AND another agency — maximally dissatisfied, actively needs new rater","This company has stopped cooperating with multiple raters. ACER offers a clean slate — faster turnaround, dedicated analyst, no baggage from prior agency relationship.",100
Intergen Energy Limited,Intergen Energy Ltd.,88.37209302325581,MEDIUM,IVR B (INC)(Downgraded),2025-03-26,Long Term Bank Facilities,BRICKWORK,A 4,2026-03-02,YES,ULTRA HIGH,"INC at BOTH Infomerics AND another agency — maximally dissatisfied, actively needs new rater","This company has stopped cooperating with multiple raters. ACER offers a clean slate — faster turnaround, dedicated analyst, no baggage from prior agency relationship.",100
JS Auto Cast Foundry India Private Limited,J S Auto Cast Foundry India Pvt. Ltd.,83.54430379746836,MEDIUM,IVR B+ (INC)(Downgraded),2026-01-09,Long Term Bank Facilities,"ACUITE, CRISIL",A 4,2026-02-02,YES,ULTRA HIGH,"INC at BOTH Infomerics AND another agency — maximally dissatisfied, actively needs new rater","This company has stopped cooperating with multiple raters. ACER offers a clean slate — faster turnaround, dedicated analyst, no baggage from prior agency relationship.",100
Jagruti Sugar & Allied Industries Limited,Jagruti Sugar & Allied Inds. Ltd.,83.78378378378379,MEDIUM,IVR BB (INC)(Downgraded),2025-09-22,Long Term Bank Facilities,IND-RA,BB-/A4+,2026-12-01,YES,ULTRA HIGH,"INC at BOTH Infomerics AND another agency — maximally dissatisfied, actively needs new rater","This company has stopped cooperating with multiple raters. ACER offers a clean slate — faster turnaround, dedicated analyst, no baggage from prior agency relationship.",100
Jai Hind Sugar Private Limited,Jai Hind Sugar Pvt. Ltd.,81.4814814814815,MEDIUM,IVR BB+ (INC)(Downgraded),2025-12-10,Long Term Bank Facilities,"BRICKWORK, IND-RA",B,2025-11-09,YES,ULTRA HIGH,"INC at BOTH Infomerics AND another agency — maximally dissatisfied, actively needs new rater","This company has stopped cooperating with multiple raters. ACER offers a clean slate — faster turnaround, dedicated analyst, no baggage from prior agency relationship.",100
Jaywant Sugars Limited,Jaywant Sugars Ltd.,87.8048780487805,MEDIUM,IVR BB- (INC) (Downgraded),2025-12-11,Long Term Fund Based Bank Facilities,CRISIL,B,,YES,ULTRA HIGH,"INC at BOTH Infomerics AND another agency — maximally dissatisfied, actively needs new rater","This company has stopped cooperating with multiple raters. ACER offers a clean slate — faster turnaround, dedicated analyst, no baggage from prior agency relationship.",100
Kalinga International,Kings International Ltd.,80.0,MEDIUM,IVR D (INC)(Reaffirmed),2025-09-09,Long Term Bank Facilities,"BRICKWORK, CRISIL",A 4,2025-07-10,YES,ULTRA HIGH,"INC at BOTH Infomerics AND another agency — maximally dissatisfied, actively needs new rater","This company has stopped cooperating with multiple raters. ACER offers a clean slate — faster turnaround, dedicated analyst, no baggage from prior agency relationship.",100
Kalpataruvu Spinning Mills Private Limited,Kalpataruvu Spinning Mills Pvt. Ltd.,87.17948717948718,MEDIUM,IVR D (INC)(Downgraded),2024-12-16,Long Term Bank Facilities,"CARE, CRISIL, IND-RA",D,2026-05-02,YES,ULTRA HIGH,"INC at BOTH Infomerics AND another agency — maximally dissatisfied, actively needs new rater","This company has stopped cooperating with multiple raters. ACER offers a clean slate — faster turnaround, dedicated analyst, no baggage from prior agency relationship.",100
Katyayini Paper Mills Private Limited,Katyayini Paper Mills Pvt. Ltd.,85.29411764705883,MEDIUM,IVR BB+ (INC)(Downgraded),2026-01-08,Long Term Facilities,BRICKWORK,D,,YES,ULTRA HIGH,"INC at BOTH Infomerics AND another agency — maximally dissatisfied, actively needs new rater","This company has stopped cooperating with multiple raters. ACER offers a clean slate — faster turnaround, dedicated analyst, no baggage from prior agency relationship.",100
Kaveri Garage Private Limited,Kaveri Garage Pvt. Ltd.,80.76923076923077,MEDIUM,IVR B+ (INC) (Downgraded),2025-12-05,Long Term Facilities,CRISIL,B,,YES,ULTRA HIGH,"INC at BOTH Infomerics AND another agency — maximally dissatisfied, actively needs new rater","This company has stopped cooperating with multiple raters. ACER offers a clean slate — faster turnaround, dedicated analyst, no baggage from prior agency relationship.",100
Khaitan Winding Wire Private Limited,Khaitan Winding Wire Pvt. Ltd.,84.84848484848484,MEDIUM,IVR BB (INC)(Downgraded),2025-09-15,Long Term Bank Facilities,"ACUITE, BRICKWORK",A 4,,YES,ULTRA HIGH,"INC at BOTH Infomerics AND another agency — maximally dissatisfied, actively needs new rater","This company has stopped cooperating with multiple raters. ACER offers a clean slate — faster turnaround, dedicated analyst, no baggage from prior agency relationship.",100
Khandoba Distilleries Limited,Khandoba Distilleries Pvt. Ltd.,83.33333333333334,MEDIUM,IVR B+ (INC)(Downgraded),2025-07-28,Long Term Bank Facilities,BRICKWORK,A 4,2025-10-10,YES,ULTRA HIGH,"INC at BOTH Infomerics AND another agency — maximally dissatisfied, actively needs new rater","This company has stopped cooperating with multiple raters. ACER offers a clean slate — faster turnaround, dedicated analyst, no baggage from prior agency relationship.",100
Kisha Telelinks Private Limited,Kisha Telelinks Pvt. Ltd.,82.14285714285714,MEDIUM,IVR BB- (INC) (Downgraded),2026-01-07,Long Term Bank Facilities,ACUITE,A 4,,YES,ULTRA HIGH,"INC at BOTH Infomerics AND another agency — maximally dissatisfied, actively needs new rater","This company has stopped cooperating with multiple raters. ACER offers a clean slate — faster turnaround, dedicated analyst, no baggage from prior agency relationship.",100
Kothari Metsol Private Limited,Kothari Metsol Pvt. Ltd.,81.4814814814815,MEDIUM,IVR BB+ (INC)(Downgraded),2025-12-23,Long Term Bank Facilities,ICRA,A 4,,YES,ULTRA HIGH,"INC at BOTH Infomerics AND another agency — maximally dissatisfied, actively needs new rater","This company has stopped cooperating with multiple raters. ACER offers a clean slate — faster turnaround, dedicated analyst, no baggage from prior agency relationship.",100
Krishna CorpIndia Private Limited,Krishna Corpindia Pvt. Ltd.,80.0,MEDIUM,IVR BB+ (INC)(Downgraded),2025-09-19,Long Term Bank Facilities,CRISIL,A 4+,2026-10-03,YES,ULTRA HIGH,"INC at BOTH Infomerics AND another agency — maximally dissatisfied, actively needs new rater","This company has stopped cooperating with multiple raters. ACER offers a clean slate — faster turnaround, dedicated analyst, no baggage from prior agency relationship.",100
Kute Sons Dairys Limited,Kute Sons Dairys Ltd.,88.88888888888889,MEDIUM,IVR D (INC)(Reaffirmed),2026-01-12,Long Term Bank Facilities,BRICKWORK,D,,YES,ULTRA HIGH,"INC at BOTH Infomerics AND another agency — maximally dissatisfied, actively needs new rater","This company has stopped cooperating with multiple raters. ACER offers a clean slate — faster turnaround, dedicated analyst, no baggage from prior agency relationship.",100
Laxmi Dia Jewels Private Limited,Laxmi Dia Jewel Pvt. Ltd.,80.70175438596492,MEDIUM,IVR BB- (INC)(Downgraded),2025-01-02,Long Term Bank Facilities,CRISIL,A 4,,YES,ULTRA HIGH,"INC at BOTH Infomerics AND another agency — maximally dissatisfied, actively needs new rater","This company has stopped cooperating with multiple raters. ACER offers a clean slate — faster turnaround, dedicated analyst, no baggage from prior agency relationship.",100
Libra International Limited,Libra International Ltd.,90.19607843137256,HIGH,IVR BB- (INC)(Downgraded),2025-03-04,Long Term Bank Facilities,CARE,B/A4,2026-04-05,YES,ULTRA HIGH,"INC at BOTH Infomerics AND another agency — maximally dissatisfied, actively needs new rater","This company has stopped cooperating with multiple raters. ACER offers a clean slate — faster turnaround, dedicated analyst, no baggage from prior agency relationship.",100
Mahakaleshwar Infratech Private Limited,Mahakaleshwar Infratech Pvt. Ltd.,86.11111111111111,MEDIUM,IVR B+ (INC)(Downgraded),2025-08-08,Long Term Bank Facilities,"CRISIL, IND-RA",A 4,2025-11-09,YES,ULTRA HIGH,"INC at BOTH Infomerics AND another agency — maximally dissatisfied, actively needs new rater","This company has stopped cooperating with multiple raters. ACER offers a clean slate — faster turnaround, dedicated analyst, no baggage from prior agency relationship.",100
Mahakali Ispat Private Limited,Mahakali Ispat Pvt. Ltd.,81.4814814814815,MEDIUM,IVR B+ (INC)(Downgraded),2025-03-19,Long Term Bank Facility,IND-RA,B-/A4,,YES,ULTRA HIGH,"INC at BOTH Infomerics AND another agency — maximally dissatisfied, actively needs new rater","This company has stopped cooperating with multiple raters. ACER offers a clean slate — faster turnaround, dedicated analyst, no baggage from prior agency relationship.",100
Mahalakshmi Spintex Private Limited,Mahalakshmi Spintex Pvt. Ltd.,84.375,MEDIUM,IVR B+ (INC)(Downgraded),2025-06-04,Long Term Bank Facilities,CRISIL,BB+,2026-12-01,YES,ULTRA HIGH,"INC at BOTH Infomerics AND another agency — maximally dissatisfied, actively needs new rater","This company has stopped cooperating with multiple raters. ACER offers a clean slate — faster turnaround, dedicated analyst, no baggage from prior agency relationship.",100
Mahalaxmi Polypack Private Limited,Mahalaxmi Polypack Pvt. Ltd.,83.87096774193549,MEDIUM,IVR BB+ (INC)(Reaffirmed),2025-07-29,Long Term Facilities,BRICKWORK,A 4,2026-06-03,YES,ULTRA HIGH,"INC at BOTH Infomerics AND another agency — maximally dissatisfied, actively needs new rater","This company has stopped cooperating with multiple raters. ACER offers a clean slate — faster turnaround, dedicated analyst, no baggage from prior agency relationship.",100
Manbhum Ispat Private Limited,Manbhum Ispat Pvt. Ltd.,80.76923076923077,MEDIUM,IVR BBB- (INC)(Downgraded),2025-12-19,Long Term Bank Facilities,CRISIL,A 4+,,YES,ULTRA HIGH,"INC at BOTH Infomerics AND another agency — maximally dissatisfied, actively needs new rater","This company has stopped cooperating with multiple raters. ACER offers a clean slate — faster turnaround, dedicated analyst, no baggage from prior agency relationship.",100
Mani Square Limited,Mani Square Ltd.,85.71428571428572,MEDIUM,IVR D (INC)(Reaffirmed),2025-09-22,Long Term Bank Facilities,CARE,D,,YES,ULTRA HIGH,"INC at BOTH Infomerics AND another agency — maximally dissatisfied, actively needs new rater","This company has stopped cooperating with multiple raters. ACER offers a clean slate — faster turnaround, dedicated analyst, no baggage from prior agency relationship.",100
Maple Panels Private Limited,Maple Panels Pvt. Ltd.,80.0,MEDIUM,IVR BB- (INC) (Downgraded),2025-02-13,Long Term Bank Facilities,"BRICKWORK, IND-RA",A 4+,2025-08-09,YES,ULTRA HIGH,"INC at BOTH Infomerics AND another agency — maximally dissatisfied, actively needs new rater","This company has stopped cooperating with multiple raters. ACER offers a clean slate — faster turnaround, dedicated analyst, no baggage from prior agency relationship.",100
Melt-O-Therm Furnaces Private Limited,Melt-O-Therm Furnaces Pvt. Ltd.,85.29411764705883,MEDIUM,IVR C- (INC)(Reaffirmed),2025-10-06,Long Term Bank Facilities,CRISIL,A 4,,YES,ULTRA HIGH,"INC at BOTH Infomerics AND another agency — maximally dissatisfied, actively needs new rater","This company has stopped cooperating with multiple raters. ACER offers a clean slate — faster turnaround, dedicated analyst, no baggage from prior agency relationship.",100
Melzer Chemicals Private Limited,Melzer Chemicals Pvt. Ltd.,82.75862068965517,MEDIUM,IVR BB- (INC)(Downgraded),2026-01-02,Long Term Bank Facilities,IND-RA,A 4+,,YES,ULTRA HIGH,"INC at BOTH Infomerics AND another agency — maximally dissatisfied, actively needs new rater","This company has stopped cooperating with multiple raters. ACER offers a clean slate — faster turnaround, dedicated analyst, no baggage from prior agency relationship.",100
Metropole Vinimay Private Limited,Metropole Vinimay Pvt. Ltd.,83.33333333333334,MEDIUM,IVR BB (INC) (Downgraded),2025-12-18,Long Term Bank Facilities,CRISIL,B,2025-09-10,YES,ULTRA HIGH,"INC at BOTH Infomerics AND another agency — maximally dissatisfied, actively needs new rater","This company has stopped cooperating with multiple raters. ACER offers a clean slate — faster turnaround, dedicated analyst, no baggage from prior agency relationship.",100
Millenium Steel India Private Limited,Millenium Steel India Pvt. Ltd.,85.29411764705883,MEDIUM,IVR C+ (INC)(Downgraded),2026-01-09,Long Term Bank Facilities,"CARE, CRISIL",A 4,2025-09-10,YES,ULTRA HIGH,"INC at BOTH Infomerics AND another agency — maximally dissatisfied, actively needs new rater","This company has stopped cooperating with multiple raters. ACER offers a clean slate — faster turnaround, dedicated analyst, no baggage from prior agency relationship.",100
Mobile Communications (India) Private Limited,Mobile Communication (India) Pvt. Ltd.,86.74698795180723,MEDIUM,IVR BB (INC)(Downgraded),2025-09-16,Long Term Bank Facilities,ACUITE,A 4+,,YES,ULTRA HIGH,"INC at BOTH Infomerics AND another agency — maximally dissatisfied, actively needs new rater","This company has stopped cooperating with multiple raters. ACER offers a clean slate — faster turnaround, dedicated analyst, no baggage from prior agency relationship.",100
Morth Infrastructure Private Limited,Morth Infrastructure Pvt. Ltd.,84.84848484848484,MEDIUM,IVR C+ (INC)(Downgraded),2026-01-22,Long Term Bank Facilities,CRISIL,A 4,,YES,ULTRA HIGH,"INC at BOTH Infomerics AND another agency — maximally dissatisfied, actively needs new rater","This company has stopped cooperating with multiple raters. ACER offers a clean slate — faster turnaround, dedicated analyst, no baggage from prior agency relationship.",100
Mother India Agrofoods Private Limited,Mother India Agrofoods Pvt. Ltd.,85.71428571428572,MEDIUM,IVR BB- (INC)(Downgraded),2025-08-01,Long Term Bank Facilities,"ACUITE, BRICKWORK, CRISIL",B,2025-01-08,YES,ULTRA HIGH,"INC at BOTH Infomerics AND another agency — maximally dissatisfied, actively needs new rater","This company has stopped cooperating with multiple raters. ACER offers a clean slate — faster turnaround, dedicated analyst, no baggage from prior agency relationship.",100
Nand Infrastructure and Projects,Sadbhav Infrastructure Project Ltd.,80.59701492537313,MEDIUM,IVR BB- (INC)(Downgraded),2025-09-16,Long Term Bank Facilities,IND-RA,C/A4,2025-11-09,YES,ULTRA HIGH,"INC at BOTH Infomerics AND another agency — maximally dissatisfied, actively needs new rater","This company has stopped cooperating with multiple raters. ACER offers a clean slate — faster turnaround, dedicated analyst, no baggage from prior agency relationship.",100
Naolin Infrastructure Private Limited,Naolin Infrastructure Pvt. Ltd.,85.29411764705883,MEDIUM,IVR D (INC)(Reaffirmed),2025-10-17,Long Term Bank Facility,BRICKWORK,D,,YES,ULTRA HIGH,"INC at BOTH Infomerics AND another agency — maximally dissatisfied, actively needs new rater","This company has stopped cooperating with multiple raters. ACER offers a clean slate — faster turnaround, dedicated analyst, no baggage from prior agency relationship.",100
Navachetana Microfinance Services Private Limited,Navachetana Microfin Services Pvt. Ltd.,84.0909090909091,MEDIUM,IVR D (INC)(Downgraded),2025-06-04,Long Term Bank Facilities - Term Loans,ACUITE,D,,YES,ULTRA HIGH,"INC at BOTH Infomerics AND another agency — maximally dissatisfied, actively needs new rater","This company has stopped cooperating with multiple raters. ACER offers a clean slate — faster turnaround, dedicated analyst, no baggage from prior agency relationship.",100
Nayati Healthcare & Research Private Limited,Nayati Healthcare & Research Pvt. Ltd.,87.8048780487805,MEDIUM,IVR D (INC)(Reaffirmed),2025-02-19,Long Term Bank Facilities,BRICKWORK,D,,YES,ULTRA HIGH,"INC at BOTH Infomerics AND another agency — maximally dissatisfied, actively needs new rater","This company has stopped cooperating with multiple raters. ACER offers a clean slate — faster turnaround, dedicated analyst, no baggage from prior agency relationship.",100
Neccon Power and Infra Limited,Neccon Power & Infra Ltd.,80.0,MEDIUM,IVR D (INC)(Downgraded),2025-06-24,Long Term Bank Facilities,BRICKWORK,D,,YES,ULTRA HIGH,"INC at BOTH Infomerics AND another agency — maximally dissatisfied, actively needs new rater","This company has stopped cooperating with multiple raters. ACER offers a clean slate — faster turnaround, dedicated analyst, no baggage from prior agency relationship.",100
Nextgen Printers Private Limited,Nextgen Printers Pvt. Ltd.,82.75862068965517,MEDIUM,IVR C+ (INC)(Downgraded),2025-07-22,Long Term Facilities,BRICKWORK,A 4,2025-10-06,YES,ULTRA HIGH,"INC at BOTH Infomerics AND another agency — maximally dissatisfied, actively needs new rater","This company has stopped cooperating with multiple raters. ACER offers a clean slate — faster turnaround, dedicated analyst, no baggage from prior agency relationship.",100
Nova Textiles Private Limited,Nova Textiles Pvt. Ltd.,80.76923076923077,MEDIUM,IVR BB+ (INC)(Downgraded),2025-06-26,Long Term Bank Facilities,BRICKWORK,A 4,2025-11-12,YES,ULTRA HIGH,"INC at BOTH Infomerics AND another agency — maximally dissatisfied, actively needs new rater","This company has stopped cooperating with multiple raters. ACER offers a clean slate — faster turnaround, dedicated analyst, no baggage from prior agency relationship.",100
OP Gupta Contractor Private Limited,O P Gupta Contractors Pvt. Ltd.,81.81818181818181,MEDIUM,IVR B+ (INC) (Downgraded),2025-12-02,Long Term Bank Facility,BRICKWORK,A 4,2025-03-07,YES,ULTRA HIGH,"INC at BOTH Infomerics AND another agency — maximally dissatisfied, actively needs new rater","This company has stopped cooperating with multiple raters. ACER offers a clean slate — faster turnaround, dedicated analyst, no baggage from prior agency relationship.",100
Orito Polyfab Private Limited,Orito Polyfab Pvt. Ltd.,80.76923076923077,MEDIUM,IVR BB+ (INC)(Downgraded),2025-09-16,Long Term Bank Facilities,IND-RA,A 4,,YES,ULTRA HIGH,"INC at BOTH Infomerics AND another agency — maximally dissatisfied, actively needs new rater","This company has stopped cooperating with multiple raters. ACER offers a clean slate — faster turnaround, dedicated analyst, no baggage from prior agency relationship.",100
Paliwal Sons Dairy Private Limited,Paliwal Sons Dairy Pvt. Ltd.,83.87096774193549,MEDIUM,IVR B+ (INC)(Downgraded),2025-01-07,Long Term Bank Facilities,BRICKWORK,B-,2025-08-12,YES,ULTRA HIGH,"INC at BOTH Infomerics AND another agency — maximally dissatisfied, actively needs new rater","This company has stopped cooperating with multiple raters. ACER offers a clean slate — faster turnaround, dedicated analyst, no baggage from prior agency relationship.",100
Paragon Apparel Private Limited,Paragon Apparel Pvt. Ltd.,82.14285714285714,MEDIUM,IVR B+ (INC)(Downgraded),2026-02-09,Long Term Bank Facilities,CRISIL,A 4,2025-12-11,YES,ULTRA HIGH,"INC at BOTH Infomerics AND another agency — maximally dissatisfied, actively needs new rater","This company has stopped cooperating with multiple raters. ACER offers a clean slate — faster turnaround, dedicated analyst, no baggage from prior agency relationship.",100
Parmeshwari Silk Mills Limited,Parmeshwari Silk Mills Ltd.,91.22807017543859,HIGH,IVR BB (INC)(Reaffirmed & Withdrawn),2022-12-26,Long Term Bank Facilities,CARE,BB+,2025-03-07,YES,ULTRA HIGH,"INC at BOTH Infomerics AND another agency — maximally dissatisfied, actively needs new rater","This company has stopped cooperating with multiple raters. ACER offers a clean slate — faster turnaround, dedicated analyst, no baggage from prior agency relationship.",100
Permali Wallace Private Limited,Permali Wallace Pvt. Ltd.,82.14285714285714,MEDIUM,IVR BB- (INC)(Downgraded),2025-09-03,Long Term Bank Facilities,CRISIL,A 4+,,YES,ULTRA HIGH,"INC at BOTH Infomerics AND another agency — maximally dissatisfied, actively needs new rater","This company has stopped cooperating with multiple raters. ACER offers a clean slate — faster turnaround, dedicated analyst, no baggage from prior agency relationship.",100
Prateek Apparels Private Limited,Prateek Apparels Pvt. Ltd.,82.75862068965517,MEDIUM,IVR C (INC)(Downgraded),2025-06-20,Long Term Bank Facilities,"ICRA, IND-RA",A 4,2026-04-03,YES,ULTRA HIGH,"INC at BOTH Infomerics AND another agency — maximally dissatisfied, actively needs new rater","This company has stopped cooperating with multiple raters. ACER offers a clean slate — faster turnaround, dedicated analyst, no baggage from prior agency relationship.",100
Premier Cables & Conductors Private Limited,Premier Cables & Conductors Pvt. Ltd.,87.5,MEDIUM,IVR B- (INC) (Downgraded),2026-01-15,Long Term Bank Facility,BRICKWORK,A 4,2025-10-11,YES,ULTRA HIGH,"INC at BOTH Infomerics AND another agency — maximally dissatisfied, actively needs new rater","This company has stopped cooperating with multiple raters. ACER offers a clean slate — faster turnaround, dedicated analyst, no baggage from prior agency relationship.",100
R. S. Development & Constructions India Private Limited,R S Development & Constructions India Pvt. Ltd.,88.23529411764706,MEDIUM,IVR BB+ (INC)(Downgraded),2025-09-26,Long Term Bank Facilities,"BRICKWORK, CRISIL, IND-RA",A 4+,,YES,ULTRA HIGH,"INC at BOTH Infomerics AND another agency — maximally dissatisfied, actively needs new rater","This company has stopped cooperating with multiple raters. ACER offers a clean slate — faster turnaround, dedicated analyst, no baggage from prior agency relationship.",100
R. S. Infra Transmission Limited,K S Infra Transmission Pvt. Ltd.,81.25,MEDIUM,IVR BB+ (INC)(Downgraded),2025-05-20,Long Term Facilities,ICRA,D,,YES,ULTRA HIGH,"INC at BOTH Infomerics AND another agency — maximally dissatisfied, actively needs new rater","This company has stopped cooperating with multiple raters. ACER offers a clean slate — faster turnaround, dedicated analyst, no baggage from prior agency relationship.",100
RMN Infrastructure Limited,R M N Infrastructures Ltd.,80.76923076923077,MEDIUM,IVR BB+ (INC)(Downgraded),2025-09-05,Long Term Facilities,"BRICKWORK, CARE",A 4+,2025-11-07,YES,ULTRA HIGH,"INC at BOTH Infomerics AND another agency — maximally dissatisfied, actively needs new rater","This company has stopped cooperating with multiple raters. ACER offers a clean slate — faster turnaround, dedicated analyst, no baggage from prior agency relationship.",100
Radiant Industries,Jaipan Industries Ltd.,80.0,MEDIUM,IVR C+ (INC)(Downgraded),2026-02-09,Long Term Bank Facilities,IND-RA,B-,,YES,ULTRA HIGH,"INC at BOTH Infomerics AND another agency — maximally dissatisfied, actively needs new rater","This company has stopped cooperating with multiple raters. ACER offers a clean slate — faster turnaround, dedicated analyst, no baggage from prior agency relationship.",100
Rajaramsevak Multipurpose Cold Storage Private Limited (RMCSPL),Rajaramsevak Multipurpose Cold Storage Pvt. Ltd.,82.88288288288288,MEDIUM,IVR D (INC)(Reaffirmed),2025-04-16,Long Term Bank Facilities,"ACUITE, CARE, IND-RA",D,2026-09-02,YES,ULTRA HIGH,"INC at BOTH Infomerics AND another agency — maximally dissatisfied, actively needs new rater","This company has stopped cooperating with multiple raters. ACER offers a clean slate — faster turnaround, dedicated analyst, no baggage from prior agency relationship.",100
Ramesh Iron & Steel Company India Private Limited,Ramesh Iron & Steel Co. India Pvt. Ltd.,81.81818181818181,MEDIUM,IVR B+ (INC)(Downgraded),2025-01-31,Long Term Bank Facilities,CARE,A 4,,YES,ULTRA HIGH,"INC at BOTH Infomerics AND another agency — maximally dissatisfied, actively needs new rater","This company has stopped cooperating with multiple raters. ACER offers a clean slate — faster turnaround, dedicated analyst, no baggage from prior agency relationship.",100
Rana Milk Foods Private Limited,Rana Milk Foods Pvt. Ltd.,82.14285714285714,MEDIUM,IVR D (INC) (Reaffirmed),2025-12-08,Long Term Bank Facilities,"CARE, IND-RA",D,2025-06-05,YES,ULTRA HIGH,"INC at BOTH Infomerics AND another agency — maximally dissatisfied, actively needs new rater","This company has stopped cooperating with multiple raters. ACER offers a clean slate — faster turnaround, dedicated analyst, no baggage from prior agency relationship.",100
Ray Engineering Private Limited,Ray Engineering Pvt. Ltd.,82.14285714285714,MEDIUM,IVR BB (INC)(Downgraded),2025-04-07,Long Term fund-based Bank Facilities,CARE,B+/A4,,YES,ULTRA HIGH,"INC at BOTH Infomerics AND another agency — maximally dissatisfied, actively needs new rater","This company has stopped cooperating with multiple raters. ACER offers a clean slate — faster turnaround, dedicated analyst, no baggage from prior agency relationship.",100
Roger Industries Limited,Roger Industries Ltd.,88.88888888888889,MEDIUM,IVR BB (INC)(Downgraded),2025-06-06,Long Term Bank Facilities,BRICKWORK,A 4,2025-11-11,YES,ULTRA HIGH,"INC at BOTH Infomerics AND another agency — maximally dissatisfied, actively needs new rater","This company has stopped cooperating with multiple raters. ACER offers a clean slate — faster turnaround, dedicated analyst, no baggage from prior agency relationship.",100
Safeco Hygiene Films Private Limited,Safeco Hygiene Films Pvt. Ltd.,84.84848484848484,MEDIUM,IVR D (INC)(Reaffirmed),2025-07-08,Long Term Bank Facilities,BRICKWORK,D,,YES,ULTRA HIGH,"INC at BOTH Infomerics AND another agency — maximally dissatisfied, actively needs new rater","This company has stopped cooperating with multiple raters. ACER offers a clean slate — faster turnaround, dedicated analyst, no baggage from prior agency relationship.",100
Safety Controls & Devices Limited,Safety Controls & Devices Ltd.,92.06349206349206,HIGH,IVR BB (INC) (Downgraded),2025-12-04,Long Term Bank Facilities,"CRISIL, IND-RA",A 4+,,YES,ULTRA HIGH,"INC at BOTH Infomerics AND another agency — maximally dissatisfied, actively needs new rater","This company has stopped cooperating with multiple raters. ACER offers a clean slate — faster turnaround, dedicated analyst, no baggage from prior agency relationship.",100
Sagar Metallics Private Limited,Sagar Metallics Pvt. Ltd.,82.14285714285714,MEDIUM,IVR B (INC)(Downgraded),2025-06-30,Long Term Bank Facilities,"CARE, IND-RA",B-/A4,2026-12-02,YES,ULTRA HIGH,"INC at BOTH Infomerics AND another agency — maximally dissatisfied, actively needs new rater","This company has stopped cooperating with multiple raters. ACER offers a clean slate — faster turnaround, dedicated analyst, no baggage from prior agency relationship.",100
Sai Industries Private Limited,Sai Industries Pvt. Ltd.,81.4814814814815,MEDIUM,IVR BB- (INC)(Downgraded),2025-11-12,Long Term Bank Facilities,CARE,A 4,,YES,ULTRA HIGH,"INC at BOTH Infomerics AND another agency — maximally dissatisfied, actively needs new rater","This company has stopped cooperating with multiple raters. ACER offers a clean slate — faster turnaround, dedicated analyst, no baggage from prior agency relationship.",100
Samrat Gems Impex Private Limited,Samrat Gems Impex Pvt. Ltd.,83.33333333333334,MEDIUM,IVR D (INC)(Downgraded),2025-01-01,Long Term Bank Facilities,IND-RA,D,,YES,ULTRA HIGH,"INC at BOTH Infomerics AND another agency — maximally dissatisfied, actively needs new rater","This company has stopped cooperating with multiple raters. ACER offers a clean slate — faster turnaround, dedicated analyst, no baggage from prior agency relationship.",100
Santlal Industries Limited,Santlal Industries Ltd.,89.79591836734694,MEDIUM,IVR B+ (INC)(Downgraded),2025-07-10,Long Term Fund based facilities -Cash Credit,ACUITE,BB-,,YES,ULTRA HIGH,"INC at BOTH Infomerics AND another agency — maximally dissatisfied, actively needs new rater","This company has stopped cooperating with multiple raters. ACER offers a clean slate — faster turnaround, dedicated analyst, no baggage from prior agency relationship.",100
Sarvottam Rolling Mills Private Limited,Sarvottam Rolling Mills Pvt. Ltd.,86.11111111111111,MEDIUM,IVR B+ (INC)(Downgraded),2025-07-17,Long Term Bank Facilities,IND-RA,A 4,,YES,ULTRA HIGH,"INC at BOTH Infomerics AND another agency — maximally dissatisfied, actively needs new rater","This company has stopped cooperating with multiple raters. ACER offers a clean slate — faster turnaround, dedicated analyst, no baggage from prior agency relationship.",100
Sattva Engineering Construction Private Limited,Sattva Engineering Construction Ltd.,84.33734939759037,MEDIUM,IVR B (INC) (Downgraded),2025-12-04,Long Term Facilities,BRICKWORK,A 4,2026-01-04,YES,ULTRA HIGH,"INC at BOTH Infomerics AND another agency — maximally dissatisfied, actively needs new rater","This company has stopped cooperating with multiple raters. ACER offers a clean slate — faster turnaround, dedicated analyst, no baggage from prior agency relationship.",100
Sheetal Cool Products Limited,Sheetal Cool Products Ltd.,90.9090909090909,HIGH,IVR B+ (INC)(Downgraded),2025-09-16,Long Term Bank Facilities,CRISIL,B,,YES,ULTRA HIGH,"INC at BOTH Infomerics AND another agency — maximally dissatisfied, actively needs new rater","This company has stopped cooperating with multiple raters. ACER offers a clean slate — faster turnaround, dedicated analyst, no baggage from prior agency relationship.",100
Shonan Engineering Works Private Limited,Shonan Engineering Works Pvt. Ltd.,86.48648648648648,MEDIUM,IVR B (INC)(Downgraded),2025-08-04,Long Term Facilities,CARE,A 4,2025-11-06,YES,ULTRA HIGH,"INC at BOTH Infomerics AND another agency — maximally dissatisfied, actively needs new rater","This company has stopped cooperating with multiple raters. ACER offers a clean slate — faster turnaround, dedicated analyst, no baggage from prior agency relationship.",100
Shree Automotive Private Limited,Shree Automotive Pvt. Ltd.,82.75862068965517,MEDIUM,IVR BB (INC)(Downgraded),2024-12-13,Long Term Bank Facilities (including proposed facility of Rs. 12.77 crore),CARE,A 4,2026-12-02,YES,ULTRA HIGH,"INC at BOTH Infomerics AND another agency — maximally dissatisfied, actively needs new rater","This company has stopped cooperating with multiple raters. ACER offers a clean slate — faster turnaround, dedicated analyst, no baggage from prior agency relationship.",100
Shree Manglam Buildcon (I) Private Limited,Shree Manglam Buildcon (I) Pvt. Ltd.,87.17948717948718,MEDIUM,IVR BB (INC) (Downgraded),2026-02-10,Long Term Bank Facilities,BRICKWORK,A 4,2026-03-02,YES,ULTRA HIGH,"INC at BOTH Infomerics AND another agency — maximally dissatisfied, actively needs new rater","This company has stopped cooperating with multiple raters. ACER offers a clean slate — faster turnaround, dedicated analyst, no baggage from prior agency relationship.",100
Shree Ram Proteins Limited,Shree Ram Proteins Ltd.,89.79591836734694,MEDIUM,IVR D (INC)(Reaffirmed),2025-07-08,Long Term Bank Facilities,"BRICKWORK, ICRA",D,2025-01-08,YES,ULTRA HIGH,"INC at BOTH Infomerics AND another agency — maximally dissatisfied, actively needs new rater","This company has stopped cooperating with multiple raters. ACER offers a clean slate — faster turnaround, dedicated analyst, no baggage from prior agency relationship.",100
Shree Shiddhanath Cotex Private Limited,Shree Shiddhanath Cotex Pvt. Ltd.,86.11111111111111,MEDIUM,IVR D (INC) (Reaffirmed),2025-12-26,Long Term Facilities,"BRICKWORK, ICRA",D,,YES,ULTRA HIGH,"INC at BOTH Infomerics AND another agency — maximally dissatisfied, actively needs new rater","This company has stopped cooperating with multiple raters. ACER offers a clean slate — faster turnaround, dedicated analyst, no baggage from prior agency relationship.",100
Shri Gautam Shipbreaking Industries Private Limited,Shri Gautam Shipbreaking Inds. Pvt. Ltd.,81.31868131868131,MEDIUM,IVR B/ IVR A4 (INC) (Downgraded)(Reaffirmed),2025-07-22,Long Term/ Short Term Bank Facilities,CARE,BB+/A4+,2025-06-06,YES,ULTRA HIGH,"INC at BOTH Infomerics AND another agency — maximally dissatisfied, actively needs new rater","This company has stopped cooperating with multiple raters. ACER offers a clean slate — faster turnaround, dedicated analyst, no baggage from prior agency relationship.",100
Shri Prabhulingeshwar Sugars and Chemicals Limited,Shri Prabhulingeshwar Sugars & Chemicals Ltd.,88.42105263157895,MEDIUM,IVR BB- (INC)(Withdrawn),2026-01-29,Long Term Bank Facilities,"ACUITE, CARE",B+,2026-12-03,YES,ULTRA HIGH,"INC at BOTH Infomerics AND another agency — maximally dissatisfied, actively needs new rater","This company has stopped cooperating with multiple raters. ACER offers a clean slate — faster turnaround, dedicated analyst, no baggage from prior agency relationship.",100
Shri Vasudeva Weaving Mills Private Limited,Shri Vasudeva Weaving Mills Pvt. Ltd.,87.5,MEDIUM,IVR BB- (INC)(Downgraded),2024-12-18,Long Term Bank Facilities - Term Loan,ACUITE,A 4,2026-12-03,YES,ULTRA HIGH,"INC at BOTH Infomerics AND another agency — maximally dissatisfied, actively needs new rater","This company has stopped cooperating with multiple raters. ACER offers a clean slate — faster turnaround, dedicated analyst, no baggage from prior agency relationship.",100
Shrivallabh Pittie Industries Limited,Shrivallabh Pittie Inds. Ltd.,81.81818181818181,MEDIUM,IVR D (INC)(Reaffirmed),2025-11-04,Long Term Fund based facility - CC/WCDL/SODH,CARE,D,,YES,ULTRA HIGH,"INC at BOTH Infomerics AND another agency — maximally dissatisfied, actively needs new rater","This company has stopped cooperating with multiple raters. ACER offers a clean slate — faster turnaround, dedicated analyst, no baggage from prior agency relationship.",100
Shyam Indofab Private Limited,Shyam Indofab Pvt. Ltd.,80.76923076923077,MEDIUM,IVR D (INC)(Reaffirmed),2025-01-22,Long Term Bank Facilities,IND-RA,D,,YES,ULTRA HIGH,"INC at BOTH Infomerics AND another agency — maximally dissatisfied, actively needs new rater","This company has stopped cooperating with multiple raters. ACER offers a clean slate — faster turnaround, dedicated analyst, no baggage from prior agency relationship.",100
Siddapur Distilleries Limited,Siddapur Distilleries Ltd.,90.9090909090909,HIGH,IVR BB- (INC) (Withdrawn),2026-01-29,Long Term Bank Facilities,"ACUITE, BRICKWORK, CARE, IND-RA",A 4,2026-12-03,YES,ULTRA HIGH,"INC at BOTH Infomerics AND another agency — maximally dissatisfied, actively needs new rater","This company has stopped cooperating with multiple raters. ACER offers a clean slate — faster turnaround, dedicated analyst, no baggage from prior agency relationship.",100
Siddhi Weaves Private Limited,Siddhi Weaves Pvt. Ltd.,80.76923076923077,MEDIUM,IVR BB (INC)(Downgraded),2025-03-13,Long Term Bank Facilities,"BRICKWORK, IND-RA",BB-,,YES,ULTRA HIGH,"INC at BOTH Infomerics AND another agency — maximally dissatisfied, actively needs new rater","This company has stopped cooperating with multiple raters. ACER offers a clean slate — faster turnaround, dedicated analyst, no baggage from prior agency relationship.",100
Simplex Infrastructures Limited,Simplex Infrastructures Ltd.,91.52542372881356,HIGH,IVR D (INC)(Reaffirmed),2025-09-24,Long Term Bank Facilities,CARE,D,,YES,ULTRA HIGH,"INC at BOTH Infomerics AND another agency — maximally dissatisfied, actively needs new rater","This company has stopped cooperating with multiple raters. ACER offers a clean slate — faster turnaround, dedicated analyst, no baggage from prior agency relationship.",100
Sincon Infrastructure Private Limited,Sincon Infrastructure Pvt. Ltd.,85.29411764705883,MEDIUM,IVR B (INC)(Downgraded),2026-01-23,Long Term Bank Facilities,"CRISIL, IND-RA",B-/A4,,YES,ULTRA HIGH,"INC at BOTH Infomerics AND another agency — maximally dissatisfied, actively needs new rater","This company has stopped cooperating with multiple raters. ACER offers a clean slate — faster turnaround, dedicated analyst, no baggage from prior agency relationship.",100
Sindhu Cargo Services Private Limited,Sindhu Cargo Services Pvt. Ltd.,85.29411764705883,MEDIUM,IVR D (INC)(Reaffirmed),2025-07-30,Long Term Bank Facility,"ICRA, IND-RA",D,2025-12-05,YES,ULTRA HIGH,"INC at BOTH Infomerics AND another agency — maximally dissatisfied, actively needs new rater","This company has stopped cooperating with multiple raters. ACER offers a clean slate — faster turnaround, dedicated analyst, no baggage from prior agency relationship.",100
Sir Shadi Lal Enterprises Limited,Sir Shadi Lal Enterprises Ltd.,92.06349206349206,HIGH,IVR B (INC)(Reaffirmed),2024-12-17,Long Term Bank Facilities,"BRICKWORK, CRISIL",C,2026-11-02,YES,ULTRA HIGH,"INC at BOTH Infomerics AND another agency — maximally dissatisfied, actively needs new rater","This company has stopped cooperating with multiple raters. ACER offers a clean slate — faster turnaround, dedicated analyst, no baggage from prior agency relationship.",100
Siva Foods Impex Private Limited,Siva Foods Impex Pvt. Ltd.,82.75862068965517,MEDIUM,IVR D (INC)(Downgraded),2026-01-12,Long Term Bank Facilities,"ACUITE, CRISIL",B+,2025-04-11,YES,ULTRA HIGH,"INC at BOTH Infomerics AND another agency — maximally dissatisfied, actively needs new rater","This company has stopped cooperating with multiple raters. ACER offers a clean slate — faster turnaround, dedicated analyst, no baggage from prior agency relationship.",100
Sivaguru Spinning Mills Private Limited,Sivaguru Spinning Mills Pvt. Ltd.,86.11111111111111,MEDIUM,IVR B (INC)(Downgraded),2025-02-12,Long Term Facilities,IND-RA,B+/A4,2026-12-01,YES,ULTRA HIGH,"INC at BOTH Infomerics AND another agency — maximally dissatisfied, actively needs new rater","This company has stopped cooperating with multiple raters. ACER offers a clean slate — faster turnaround, dedicated analyst, no baggage from prior agency relationship.",100
Sivanssh Infrastructure Development Private Limited,Sivanssh Infrastructure Devp. Pvt. Ltd.,80.0,MEDIUM,IVR B+ (INC)(Downgraded),2025-10-30,Long Term Bank Facilities,BRICKWORK,A 4,2025-11-06,YES,ULTRA HIGH,"INC at BOTH Infomerics AND another agency — maximally dissatisfied, actively needs new rater","This company has stopped cooperating with multiple raters. ACER offers a clean slate — faster turnaround, dedicated analyst, no baggage from prior agency relationship.",100
Sparsh Hospitals & Critical Care Private Limited,Sparsh Hospitals & Critical Care Pvt. Ltd.,88.88888888888889,MEDIUM,IVR B (INC)(Downgraded),2025-07-03,Long Term Bank Facilities,ACUITE,BB+,,YES,ULTRA HIGH,"INC at BOTH Infomerics AND another agency — maximally dissatisfied, actively needs new rater","This company has stopped cooperating with multiple raters. ACER offers a clean slate — faster turnaround, dedicated analyst, no baggage from prior agency relationship.",100
Spinora Tiles Private Limited,Spinora Tiles Pvt. Ltd.,80.76923076923077,MEDIUM,IVR C (INC)(Downgraded),2025-05-09,Long Term Bank Facilities,"CARE, CRISIL",A 4,2025-08-05,YES,ULTRA HIGH,"INC at BOTH Infomerics AND another agency — maximally dissatisfied, actively needs new rater","This company has stopped cooperating with multiple raters. ACER offers a clean slate — faster turnaround, dedicated analyst, no baggage from prior agency relationship.",100
Sri Anagha Refineries Private Limited,Sri Anagha Refineries Pvt. Ltd.,85.29411764705883,MEDIUM,IVR BB+ (INC)(Reaffirmed and Withdrawn),2021-12-20,Long Term Bank Facilities,CARE,A 4,,YES,ULTRA HIGH,"INC at BOTH Infomerics AND another agency — maximally dissatisfied, actively needs new rater","This company has stopped cooperating with multiple raters. ACER offers a clean slate — faster turnaround, dedicated analyst, no baggage from prior agency relationship.",100
Sri Avantika Contractors (I) Limited,Sri Avantika Contractors (I) Ltd.,92.7536231884058,HIGH,IVR BBB- (INC)(Reaffirmed),2025-10-31,Long Term Facilities,CRISIL,A 4,,YES,ULTRA HIGH,"INC at BOTH Infomerics AND another agency — maximally dissatisfied, actively needs new rater","This company has stopped cooperating with multiple raters. ACER offers a clean slate — faster turnaround, dedicated analyst, no baggage from prior agency relationship.",100
Sri Shyam Fashion India Private Limited,Sri Shyam Fashion India Pvt. Ltd.,86.11111111111111,MEDIUM,IVR B+ (INC)(Downgraded),2025-10-17,Long Term Bank Facilities,"ACUITE, BRICKWORK",A 4+,,YES,ULTRA HIGH,"INC at BOTH Infomerics AND another agency — maximally dissatisfied, actively needs new rater","This company has stopped cooperating with multiple raters. ACER offers a clean slate — faster turnaround, dedicated analyst, no baggage from prior agency relationship.",100
Sri Vasudeva Textiles Private Limited,Sri Vasudeva Textiles Pvt. Ltd.,85.29411764705883,MEDIUM,IVR BB- (INC)(Downgraded),2024-12-18,Long Term Bank Facilities - Term Loan,"BRICKWORK, IND-RA",B/A4,2026-06-03,YES,ULTRA HIGH,"INC at BOTH Infomerics AND another agency — maximally dissatisfied, actively needs new rater","This company has stopped cooperating with multiple raters. ACER offers a clean slate — faster turnaround, dedicated analyst, no baggage from prior agency relationship.",100
Sri Venkatesh Granites Private Limited,Sri Venkatesh Granites Pvt. Ltd.,85.71428571428572,MEDIUM,IVR BB+ (INC)(Downgraded),2025-09-05,Long Term Bank Facilities,CRISIL,B,,YES,ULTRA HIGH,"INC at BOTH Infomerics AND another agency — maximally dissatisfied, actively needs new rater","This company has stopped cooperating with multiple raters. ACER offers a clean slate — faster turnaround, dedicated analyst, no baggage from prior agency relationship.",100
Srinivas Infrastructure Private Limited,Srinivas Infrastructure Pvt. Ltd.,86.11111111111111,MEDIUM,IVR B (INC)(Downgraded),2026-01-16,Long Term Fund based facilities â€“ Cash Credit,IND-RA,B/A4,,YES,ULTRA HIGH,"INC at BOTH Infomerics AND another agency — maximally dissatisfied, actively needs new rater","This company has stopped cooperating with multiple raters. ACER offers a clean slate — faster turnaround, dedicated analyst, no baggage from prior agency relationship.",100
Stark Ridge Paper Private Limited,Stark Ridge Paper Pvt. Ltd.,83.33333333333334,MEDIUM,IVR B (INC)(Downgraded),2025-06-25,Long Term Bank Facilities,CRISIL,A 4,,YES,ULTRA HIGH,"INC at BOTH Infomerics AND another agency — maximally dissatisfied, actively needs new rater","This company has stopped cooperating with multiple raters. ACER offers a clean slate — faster turnaround, dedicated analyst, no baggage from prior agency relationship.",100
Supermax Personal Care Private Limited,Supermax Personal Care Pvt. Ltd.,85.71428571428572,MEDIUM,IVR D (INC)(Downgraded),2025-01-29,Long Term Facilities,BRICKWORK,D,2025-08-05,YES,ULTRA HIGH,"INC at BOTH Infomerics AND another agency — maximally dissatisfied, actively needs new rater","This company has stopped cooperating with multiple raters. ACER offers a clean slate — faster turnaround, dedicated analyst, no baggage from prior agency relationship.",100
Sustainable Agro-Commercial Finance Limited,Sustainable Agro-Commercial Finance Ltd.,93.97590361445783,HIGH,IVR D (INC)(Reaffirmed),2025-10-09,Long Term Bank Facilities,CARE,D,2025-06-08,YES,ULTRA HIGH,"INC at BOTH Infomerics AND another agency — maximally dissatisfied, actively needs new rater","This company has stopped cooperating with multiple raters. ACER offers a clean slate — faster turnaround, dedicated analyst, no baggage from prior agency relationship.",100
Swastik Pipe Limited,Swastik Pipe Ltd.,86.48648648648648,MEDIUM,IVR D (INC)(Downgraded),2026-01-20,Long Term Bank Facilities â€“ Term Loan,IND-RA,B+,,YES,ULTRA HIGH,"INC at BOTH Infomerics AND another agency — maximally dissatisfied, actively needs new rater","This company has stopped cooperating with multiple raters. ACER offers a clean slate — faster turnaround, dedicated analyst, no baggage from prior agency relationship.",100
Swiss Garnier Genexiaa Sciences Private Limited,Swiss Garnier Genexiaa Sciences Pvt. Ltd.,88.63636363636364,MEDIUM,IVR C- (INC)(Downgraded),2025-09-19,Long Term Fund Based Bank Facilities - Term Loan,CARE,A 4,,YES,ULTRA HIGH,"INC at BOTH Infomerics AND another agency — maximally dissatisfied, actively needs new rater","This company has stopped cooperating with multiple raters. ACER offers a clean slate — faster turnaround, dedicated analyst, no baggage from prior agency relationship.",100
T. K. Engineering Consortium Private Limited,T K Engineering Consortium Pvt. Ltd.,85.0,MEDIUM,IVR D (INC) (Reaffirmed),2026-01-19,Long Term Bank Facilities,BRICKWORK,D,,YES,ULTRA HIGH,"INC at BOTH Infomerics AND another agency — maximally dissatisfied, actively needs new rater","This company has stopped cooperating with multiple raters. ACER offers a clean slate — faster turnaround, dedicated analyst, no baggage from prior agency relationship.",100
Tirupati Conductors Private Limited,Tirupati Conductors Pvt. Ltd.,84.375,MEDIUM,IVR B- (INC)(Downgraded),2026-01-15,Long Term Bank Facilities,BRICKWORK,A 4,,YES,ULTRA HIGH,"INC at BOTH Infomerics AND another agency — maximally dissatisfied, actively needs new rater","This company has stopped cooperating with multiple raters. ACER offers a clean slate — faster turnaround, dedicated analyst, no baggage from prior agency relationship.",100
Ultracab (India) Limited,Ultracab (India) Ltd.,88.88888888888889,MEDIUM,IVR BB+ (INC)(Downgraded),2025-12-08,Long Term Bank Facilities,CRISIL,A 4,,YES,ULTRA HIGH,"INC at BOTH Infomerics AND another agency — maximally dissatisfied, actively needs new rater","This company has stopped cooperating with multiple raters. ACER offers a clean slate — faster turnaround, dedicated analyst, no baggage from prior agency relationship.",100
Unistar Oils Private Limited,Unistar Oils Pvt. Ltd.,80.0,MEDIUM,IVR D (INC)(Reaffirrmed),2026-01-08,Long Term Bank Facilities,BRICKWORK,D,,YES,ULTRA HIGH,"INC at BOTH Infomerics AND another agency — maximally dissatisfied, actively needs new rater","This company has stopped cooperating with multiple raters. ACER offers a clean slate — faster turnaround, dedicated analyst, no baggage from prior agency relationship.",100
United Ciigma Institute of Medical Sciences Private Limited,United Ciigma Institute Of Medical Sciences Pvt. Ltd.,85.71428571428572,MEDIUM,IVR BB- (INC)(Downgraded),2025-02-21,Long Term Facilities,BRICKWORK,BB-,,YES,ULTRA HIGH,"INC at BOTH Infomerics AND another agency — maximally dissatisfied, actively needs new rater","This company has stopped cooperating with multiple raters. ACER offers a clean slate — faster turnaround, dedicated analyst, no baggage from prior agency relationship.",100
Universal Infra & Agri Oils Private Limited,Universal Infra & Agri Oils Pvt. Ltd.,87.5,MEDIUM,IVR B+ (INC)(Downgraded),2025-11-10,Long Term Bank Facilities,CARE,B+,,YES,ULTRA HIGH,"INC at BOTH Infomerics AND another agency — maximally dissatisfied, actively needs new rater","This company has stopped cooperating with multiple raters. ACER offers a clean slate — faster turnaround, dedicated analyst, no baggage from prior agency relationship.",100
Utkal Healthcare Private Limited,Utkal Healthcare Pvt. Ltd.,82.75862068965517,MEDIUM,IVR BB (INC)(Downgraded),2025-09-19,Long Term Bank Facilities,"CRISIL, IND-RA",BBB,2025-08-10,YES,ULTRA HIGH,"INC at BOTH Infomerics AND another agency — maximally dissatisfied, actively needs new rater","This company has stopped cooperating with multiple raters. ACER offers a clean slate — faster turnaround, dedicated analyst, no baggage from prior agency relationship.",100
Uttranchal Ispat Private Limited,Uttranchal Ispat Pvt. Ltd.,82.75862068965517,MEDIUM,IVR B (INC)(Downgraded),2025-09-23,Long Term Bank Facility,CRISIL,B,,YES,ULTRA HIGH,"INC at BOTH Infomerics AND another agency — maximally dissatisfied, actively needs new rater","This company has stopped cooperating with multiple raters. ACER offers a clean slate — faster turnaround, dedicated analyst, no baggage from prior agency relationship.",100
Value Added Fashion Fabrics Private Limited,Value Added Fashion Fabrics Pvt. Ltd.,87.5,MEDIUM,IVR BB- (INC)(Downgraded),2026-02-03,Long Term Facilities,BRICKWORK,B+,2025-04-07,YES,ULTRA HIGH,"INC at BOTH Infomerics AND another agency — maximally dissatisfied, actively needs new rater","This company has stopped cooperating with multiple raters. ACER offers a clean slate — faster turnaround, dedicated analyst, no baggage from prior agency relationship.",100
Vikrma Impex Private Limited,Vikrma Impex Pvt. Ltd.,80.0,MEDIUM,IVR BB- (INC)(Downgraded),2025-07-15,Long Term Bank Facilities,"ACUITE, CRISIL",A 4,,YES,ULTRA HIGH,"INC at BOTH Infomerics AND another agency — maximally dissatisfied, actively needs new rater","This company has stopped cooperating with multiple raters. ACER offers a clean slate — faster turnaround, dedicated analyst, no baggage from prior agency relationship.",100
Vimla Fuels & Metals Limited,Vimla Fuels & Metals Ltd.,90.56603773584906,HIGH,IVR D (INC),2026-02-10,Long Term Bank Facilities,ACUITE,D,,YES,ULTRA HIGH,"INC at BOTH Infomerics AND another agency — maximally dissatisfied, actively needs new rater","This company has stopped cooperating with multiple raters. ACER offers a clean slate — faster turnaround, dedicated analyst, no baggage from prior agency relationship.",100
Vinayak Support Services Private Limited,Vinayak Support Services Pvt. Ltd.,86.48648648648648,MEDIUM,IVR B+ (INC)(Downgraded),2026-01-07,Long Term Bank Facility,ACUITE,BB,,YES,ULTRA HIGH,"INC at BOTH Infomerics AND another agency — maximally dissatisfied, actively needs new rater","This company has stopped cooperating with multiple raters. ACER offers a clean slate — faster turnaround, dedicated analyst, no baggage from prior agency relationship.",100
Vishal Papertech India Limited,Vishal Papertech (India) Ltd.,88.13559322033898,MEDIUM,IVR C (INC)(Downgraded),2025-10-03,Long Term Bank Facilities,"BRICKWORK, CRISIL",A 4,,YES,ULTRA HIGH,"INC at BOTH Infomerics AND another agency — maximally dissatisfied, actively needs new rater","This company has stopped cooperating with multiple raters. ACER offers a clean slate — faster turnaround, dedicated analyst, no baggage from prior agency relationship.",100
Wadhwa Construction & Infrastructure Private Limited (WCIPL),Wadhwa Construction & Infrastructure Pvt. Ltd.,83.01886792452831,MEDIUM,IVR BB+ (INC)(Downgraded),2025-05-21,Long Term Fund Based Bank Facilities,BRICKWORK,BB-,,YES,ULTRA HIGH,"INC at BOTH Infomerics AND another agency — maximally dissatisfied, actively needs new rater","This company has stopped cooperating with multiple raters. ACER offers a clean slate — faster turnaround, dedicated analyst, no baggage from prior agency relationship.",100
Wave Beverages Private Limited,Wave Beverages Pvt. Ltd.,81.4814814814815,MEDIUM,IVR BB- (INC)(Downgraded),2026-02-09,Long Term Bank Facilities,"ICRA, IND-RA",B+,2025-06-11,YES,ULTRA HIGH,"INC at BOTH Infomerics AND another agency — maximally dissatisfied, actively needs new rater","This company has stopped cooperating with multiple raters. ACER offers a clean slate — faster turnaround, dedicated analyst, no baggage from prior agency relationship.",100
Youngman Woollen Mills Private Limited,Youngman Woollen Mills Pvt. Ltd.,85.71428571428572,MEDIUM,IVR BB (INC) (Downgraded),2025-11-10,Long Term Bank Facilities,"BRICKWORK, CRISIL",B,2025-10-07,YES,ULTRA HIGH,"INC at BOTH Infomerics AND another agency — maximally dissatisfied, actively needs new rater","This company has stopped cooperating with multiple raters. ACER offers a clean slate — faster turnaround, dedicated analyst, no baggage from prior agency relationship.",100
